doc,cell,columns,numbering,pages,documentclass,category,published,gt_headings,cond,condition_label,tier,title_p,title_r,title_f1,title_f2,depth_acc,depth_matched,depth_correct,depth_n_truth,edge_p,edge_r,edge_f1,edge_f2,order_tau,order_exact,order_anchors,asset_p,asset_r,asset_f1,asset_f2,asset_type_acc,asset_n_truth,n_assets_recovered,reach_p,reach_r,reach_f1,reach_f2,reach_n_truth,content_f1,content_f2,content_r,leaf_match,overall,n_gt,n_rec,n_matched,coverage,excluded_rate,asset_rate,furniture_rate,unaccounted_rate,cov_pdf_chars,cov_missing_chars,floor_recall,floor_n_leaves,n_truth,n_recovered,ladder_rung,n_headings_returned
arxiv_2607.27137v1,single_arabic,single,arabic,33,article,q-bio.PE,2026-07-29,31,ours,OURS,0,0.931,0.871,0.9,0.882,0.852,27,23,31,0.793,0.742,0.767,0.752,1.0,True,26,1.0,0.944,0.971,0.955,1.0,18,17,0.571,0.471,0.516,0.488,17,0.926792841292995,0.9259368007230869,0.9268,0.9285714285714286,0.8605933526292097,28,28,26,0.533,0.092,0.336,0.002,0.037,59993,28000,,,31,29,0,
arxiv_2607.27137v1,single_arabic,single,arabic,33,article,q-bio.PE,2026-07-29,31,ceiling,CEILING,0,1.0,0.871,0.931,0.894,,,,,1.0,0.871,0.931,0.894,,,,,,,,,,,,,,,,,,,,,,,,,,,,,,,0.9316,28,31,27,,
arxiv_2607.27137v1,single_arabic,single,arabic,33,article,q-bio.PE,2026-07-29,31,ladder0,LADDER-0,0,0.905,0.613,0.731,0.655,1.0,19,19,31,0.905,0.613,0.731,0.655,,,,,,,,,,,,,,,,,,,,,,,,,,,,,,,,,31,21,0,
arxiv_2607.27137v1,single_arabic,single,arabic,33,article,q-bio.PE,2026-07-29,31,ladder1,LADDER-1,0,0.905,0.613,0.731,0.655,1.0,19,19,31,0.905,0.613,0.731,0.655,,,,,,,,,,,,,,,,,,,,,,,,,,,,,,,,,31,21,0,
arxiv_2607.27137v1,single_arabic,single,arabic,33,article,q-bio.PE,2026-07-29,31,ladder2,LADDER-2,0,0.905,0.613,0.731,0.655,1.0,19,19,31,0.905,0.613,0.731,0.655,,,,,,,,,,,,,,,,,,,,,,,,,,,,,,,,,31,21,0,
arxiv_2607.27137v1,single_arabic,single,arabic,33,article,q-bio.PE,2026-07-29,31,base_small,BASE-small,1,0.931,0.871,0.9,0.882,0.519,27,14,31,0.759,0.71,0.733,0.719,,,,,,,,,,,,,,,,,,,,,,,,,,,,,,,,,31,29,,29
arxiv_2607.27137v1,single_arabic,single,arabic,33,article,q-bio.PE,2026-07-29,31,base_big,BASE-big,1,0.933,0.903,0.918,0.909,0.857,28,24,31,0.8,0.774,0.787,0.779,,,,,,,,,,,,,,,,,,,,,,,,,,,,,,,,,31,30,,30
arxiv_2608.00761v1,single_arabic,single,arabic,72,article,q-fin.ST,2026-08-01,31,ours,OURS,0,0.508,0.968,0.667,0.82,1.0,30,30,31,0.508,0.968,0.667,0.82,1.0,True,26,0.647,0.629,0.638,0.632,0.955,35,34,0.0,0.0,0.0,0.0,0,0.817204156231233,0.8005892750088505,0.7994,0.9655172413793104,0.7890247025680871,29,56,28,0.648,0.057,0.114,0.001,0.18,88411,31098,,,31,59,0,
arxiv_2608.00761v1,single_arabic,single,arabic,72,article,q-fin.ST,2026-08-01,31,ceiling,CEILING,0,1.0,0.968,0.984,0.974,,,,,1.0,0.968,0.984,0.974,,,,,,,,,,,,,,,,,,,,,,,,,,,,,,,0.9701,30,31,30,,
arxiv_2608.00761v1,single_arabic,single,arabic,72,article,q-fin.ST,2026-08-01,31,ladder0,LADDER-0,0,0.966,0.903,0.933,0.915,1.0,28,28,31,0.966,0.903,0.933,0.915,,,,,,,,,,,,,,,,,,,,,,,,,,,,,,,,,31,29,0,
arxiv_2608.00761v1,single_arabic,single,arabic,72,article,q-fin.ST,2026-08-01,31,ladder1,LADDER-1,0,0.966,0.903,0.933,0.915,1.0,28,28,31,0.966,0.903,0.933,0.915,,,,,,,,,,,,,,,,,,,,,,,,,,,,,,,,,31,29,0,
arxiv_2608.00761v1,single_arabic,single,arabic,72,article,q-fin.ST,2026-08-01,31,ladder2,LADDER-2,0,0.966,0.903,0.933,0.915,1.0,28,28,31,0.966,0.903,0.933,0.915,,,,,,,,,,,,,,,,,,,,,,,,,,,,,,,,,31,29,0,
arxiv_2608.00761v1,single_arabic,single,arabic,72,article,q-fin.ST,2026-08-01,31,base_small,BASE-small,1,0.966,0.903,0.933,0.915,0.893,28,25,31,0.862,0.806,0.833,0.817,,,,,,,,,,,,,,,,,,,,,,,,,,,,,,,,,31,29,,29
arxiv_2608.00761v1,single_arabic,single,arabic,72,article,q-fin.ST,2026-08-01,31,base_big,BASE-big,1,0.935,0.935,0.935,0.935,0.897,29,26,31,0.839,0.839,0.839,0.839,,,,,,,,,,,,,,,,,,,,,,,,,,,,,,,,,31,31,,31
arxiv_2608.10596v1,single_arabic,single,arabic,15,article,econ.GN,2026-08-11,7,ours,OURS,0,0.875,1.0,0.933,0.972,1.0,7,7,7,0.875,1.0,0.933,0.972,1.0,True,6,1.0,1.0,1.0,1.0,0.0,0,0,1.0,1.0,1.0,1.0,0,0.7396623310776638,0.7620834841503478,0.8056,1.0,0.7396623310776638,7,7,7,0.862,0.019,0.0,0.002,0.118,29067,4019,,,7,8,2,
arxiv_2608.10596v1,single_arabic,single,arabic,15,article,econ.GN,2026-08-11,7,ceiling,CEILING,0,1.0,1.0,1.0,1.0,,,,,1.0,1.0,1.0,1.0,,,,,,,,,,,,,,,,,,,,,,,,,,,,,,,0.9133,7,7,7,,
arxiv_2608.10596v1,single_arabic,single,arabic,15,article,econ.GN,2026-08-11,7,ladder0,LADDER-0,0,0.875,1.0,0.933,0.972,1.0,6,6,7,0.875,1.0,0.933,0.972,,,,,,,,,,,,,,,,,,,,,,,,,,,,,,,,,7,8,0,
arxiv_2608.10596v1,single_arabic,single,arabic,15,article,econ.GN,2026-08-11,7,ladder1,LADDER-1,0,0.875,1.0,0.933,0.972,1.0,6,6,7,0.875,1.0,0.933,0.972,,,,,,,,,,,,,,,,,,,,,,,,,,,,,,,,,7,8,1,
arxiv_2608.10596v1,single_arabic,single,arabic,15,article,econ.GN,2026-08-11,7,ladder2,LADDER-2,0,0.875,1.0,0.933,0.972,0.833,6,5,7,0.75,0.857,0.8,0.833,,,,,,,,,,,,,,,,,,,,,,,,,,,,,,,,,7,8,2,
arxiv_2608.10596v1,single_arabic,single,arabic,15,article,econ.GN,2026-08-11,7,base_small,BASE-small,1,1.0,0.857,0.923,0.882,0.167,6,1,7,0.167,0.143,0.154,0.147,,,,,,,,,,,,,,,,,,,,,,,,,,,,,,,,,7,6,,6
arxiv_2608.10596v1,single_arabic,single,arabic,15,article,econ.GN,2026-08-11,7,base_big,BASE-big,1,0.857,0.857,0.857,0.857,1.0,6,6,7,0.857,0.857,0.857,0.857,,,,,,,,,,,,,,,,,,,,,,,,,,,,,,,,,7,7,,7
arxiv_2608.16951v1,single_arabic,single,arabic,38,article,q-bio.QM,2026-08-16,73,ours,OURS,0,0.946,0.959,0.952,0.956,0.943,70,66,73,0.892,0.904,0.898,0.902,1.0,True,59,1.0,1.0,1.0,1.0,1.0,21,21,1.0,1.0,1.0,1.0,14,0.9487057947846753,0.9561627659345323,0.9622,0.9841269841269841,0.933646972645236,63,65,62,0.864,0.053,0.059,0.001,0.024,87034,11862,,,73,74,0,
arxiv_2608.16951v1,single_arabic,single,arabic,38,article,q-bio.QM,2026-08-16,73,ceiling,CEILING,0,1.0,0.959,0.979,0.967,,,,,0.943,0.904,0.923,0.912,,,,,,,,,,,,,,,,,,,,,,,,,,,,,,,0.9699,65,73,70,,
arxiv_2608.16951v1,single_arabic,single,arabic,38,article,q-bio.QM,2026-08-16,73,ladder0,LADDER-0,0,0.985,0.89,0.935,0.908,1.0,65,65,73,0.985,0.89,0.935,0.908,,,,,,,,,,,,,,,,,,,,,,,,,,,,,,,,,73,66,0,
arxiv_2608.16951v1,single_arabic,single,arabic,38,article,q-bio.QM,2026-08-16,73,ladder1,LADDER-1,0,0.985,0.89,0.935,0.908,1.0,65,65,73,0.985,0.89,0.935,0.908,,,,,,,,,,,,,,,,,,,,,,,,,,,,,,,,,73,66,0,
arxiv_2608.16951v1,single_arabic,single,arabic,38,article,q-bio.QM,2026-08-16,73,ladder2,LADDER-2,0,0.985,0.89,0.935,0.908,1.0,65,65,73,0.985,0.89,0.935,0.908,,,,,,,,,,,,,,,,,,,,,,,,,,,,,,,,,73,66,0,
arxiv_2608.16951v1,single_arabic,single,arabic,38,article,q-bio.QM,2026-08-16,73,base_small,BASE-small,1,0.973,0.973,0.973,0.973,1.0,71,71,73,0.973,0.973,0.973,0.973,,,,,,,,,,,,,,,,,,,,,,,,,,,,,,,,,73,73,,73
arxiv_2608.16951v1,single_arabic,single,arabic,38,article,q-bio.QM,2026-08-16,73,base_big,BASE-big,1,0.986,0.986,0.986,0.986,1.0,72,72,73,0.986,0.986,0.986,0.986,,,,,,,,,,,,,,,,,,,,,,,,,,,,,,,,,73,73,,73
arxiv_2608.19944v2,single_arabic,single,arabic,77,informs3,econ.EM,2026-08-20,68,ours,OURS,0,0.681,0.471,0.557,0.502,0.917,12,11,68,0.426,0.294,0.348,0.313,1.0,True,28,0.5,1.0,0.667,0.833,1.0,8,16,0.667,0.667,0.667,0.667,18,0.7346445664816859,0.7644877053360404,0.8577,0.47619047619047616,0.3498307459436599,63,46,30,0.797,0.07,0.057,0.002,0.075,105068,21378,,,68,47,2,
arxiv_2608.19944v2,single_arabic,single,arabic,77,informs3,econ.EM,2026-08-20,68,ceiling,CEILING,0,1.0,0.471,0.64,0.526,,,,,0.656,0.309,0.42,0.345,,,,,,,,,,,,,,,,,,,,,,,,,,,,,,,0.924,67,68,32,,
arxiv_2608.19944v2,single_arabic,single,arabic,77,informs3,econ.EM,2026-08-20,68,ladder0,LADDER-0,0,0.696,0.471,0.561,0.503,0.333,12,4,68,0.174,0.118,0.14,0.126,,,,,,,,,,,,,,,,,,,,,,,,,,,,,,,,,68,46,0,
arxiv_2608.19944v2,single_arabic,single,arabic,77,informs3,econ.EM,2026-08-20,68,ladder1,LADDER-1,0,0.696,0.471,0.561,0.503,0.917,12,11,68,0.435,0.294,0.351,0.314,,,,,,,,,,,,,,,,,,,,,,,,,,,,,,,,,68,46,1,
arxiv_2608.19944v2,single_arabic,single,arabic,77,informs3,econ.EM,2026-08-20,68,ladder2,LADDER-2,0,0.696,0.471,0.561,0.503,0.917,12,11,68,0.435,0.294,0.351,0.314,,,,,,,,,,,,,,,,,,,,,,,,,,,,,,,,,68,46,2,
arxiv_2608.19944v2,single_arabic,single,arabic,77,informs3,econ.EM,2026-08-20,68,base_small,BASE-small,1,0.696,0.706,0.701,0.704,1.0,42,42,68,0.507,0.515,0.511,0.513,,,,,,,,,,,,,,,,,,,,,,,,,,,,,,,,,68,69,,69
arxiv_2608.19944v2,single_arabic,single,arabic,77,informs3,econ.EM,2026-08-20,68,base_big,BASE-big,1,0.696,0.706,0.701,0.704,1.0,48,48,68,0.507,0.515,0.511,0.513,,,,,,,,,,,,,,,,,,,,,,,,,,,,,,,,,68,69,,69
arxiv_2608.20223v1,single_arabic,single,arabic,58,article,math.ST,2026-08-20,63,ours,OURS,0,0.952,0.952,0.952,0.952,1.0,60,60,63,0.825,0.825,0.825,0.825,1.0,True,44,1.0,1.0,1.0,1.0,1.0,9,9,0.857,0.667,0.75,0.698,9,0.8758265285427496,0.9042642281357701,0.9258,0.9583333333333334,0.839333756520135,48,47,46,0.877,0.043,0.039,0.001,0.04,116126,14261,,,63,63,2,
arxiv_2608.20223v1,single_arabic,single,arabic,58,article,math.ST,2026-08-20,63,ceiling,CEILING,0,1.0,0.952,0.976,0.962,,,,,0.867,0.825,0.846,0.833,,,,,,,,,,,,,,,,,,,,,,,,,,,,,,,0.9181,49,63,60,,
arxiv_2608.20223v1,single_arabic,single,arabic,58,article,math.ST,2026-08-20,63,ladder0,LADDER-0,0,0.968,0.968,0.968,0.968,0.361,61,22,63,0.349,0.349,0.349,0.349,,,,,,,,,,,,,,,,,,,,,,,,,,,,,,,,,63,63,0,
arxiv_2608.20223v1,single_arabic,single,arabic,58,article,math.ST,2026-08-20,63,ladder1,LADDER-1,0,0.968,0.968,0.968,0.968,1.0,61,61,63,0.841,0.841,0.841,0.841,,,,,,,,,,,,,,,,,,,,,,,,,,,,,,,,,63,63,1,
arxiv_2608.20223v1,single_arabic,single,arabic,58,article,math.ST,2026-08-20,63,ladder2,LADDER-2,0,0.968,0.968,0.968,0.968,1.0,61,61,63,0.841,0.841,0.841,0.841,,,,,,,,,,,,,,,,,,,,,,,,,,,,,,,,,63,63,2,
arxiv_2608.20223v1,single_arabic,single,arabic,58,article,math.ST,2026-08-20,63,base_small,BASE-small,1,0.895,0.81,0.85,0.825,1.0,51,51,63,0.895,0.81,0.85,0.825,,,,,,,,,,,,,,,,,,,,,,,,,,,,,,,,,63,57,,57
arxiv_2608.20223v1,single_arabic,single,arabic,58,article,math.ST,2026-08-20,63,base_big,BASE-big,1,0.954,0.984,0.969,0.978,1.0,62,62,63,0.954,0.984,0.969,0.978,,,,,,,,,,,,,,,,,,,,,,,,,,,,,,,,,63,65,,65
arxiv_2608.20231v1,single_arabic,single,arabic,20,article,physics.soc-ph,2026-08-20,22,ours,OURS,0,0.783,0.818,0.8,0.811,1.0,18,18,22,0.739,0.773,0.756,0.766,1.0,True,14,0.667,1.0,0.8,0.909,1.0,2,3,0.667,0.667,0.667,0.667,3,0.7713409426243386,0.7937920591168788,0.818,0.7894736842105263,0.6089533757560568,19,19,15,0.788,0.133,0.061,0.001,0.015,44556,9436,,,22,23,0,
arxiv_2608.20231v1,single_arabic,single,arabic,20,article,physics.soc-ph,2026-08-20,22,ceiling,CEILING,0,1.0,0.818,0.9,0.849,,,,,1.0,0.818,0.9,0.849,,,,,,,,,,,,,,,,,,,,,,,,,,,,,,,0.9123,19,22,18,,
arxiv_2608.20231v1,single_arabic,single,arabic,20,article,physics.soc-ph,2026-08-20,22,ladder0,LADDER-0,0,0.905,0.864,0.884,0.872,1.0,19,19,22,0.905,0.864,0.884,0.872,,,,,,,,,,,,,,,,,,,,,,,,,,,,,,,,,22,21,0,
arxiv_2608.20231v1,single_arabic,single,arabic,20,article,physics.soc-ph,2026-08-20,22,ladder1,LADDER-1,0,0.905,0.864,0.884,0.872,1.0,19,19,22,0.905,0.864,0.884,0.872,,,,,,,,,,,,,,,,,,,,,,,,,,,,,,,,,22,21,0,
arxiv_2608.20231v1,single_arabic,single,arabic,20,article,physics.soc-ph,2026-08-20,22,ladder2,LADDER-2,0,0.905,0.864,0.884,0.872,1.0,19,19,22,0.905,0.864,0.884,0.872,,,,,,,,,,,,,,,,,,,,,,,,,,,,,,,,,22,21,0,
arxiv_2608.20231v1,single_arabic,single,arabic,20,article,physics.soc-ph,2026-08-20,22,base_small,BASE-small,1,0.682,0.682,0.682,0.682,1.0,15,15,22,0.636,0.636,0.636,0.636,,,,,,,,,,,,,,,,,,,,,,,,,,,,,,,,,22,22,,22
arxiv_2608.20231v1,single_arabic,single,arabic,20,article,physics.soc-ph,2026-08-20,22,base_big,BASE-big,1,0.783,0.818,0.8,0.811,1.0,18,18,22,0.783,0.818,0.8,0.811,,,,,,,,,,,,,,,,,,,,,,,,,,,,,,,,,22,23,,23
arxiv_2608.21122v1,single_arabic,single,arabic,73,article,stat.ME,2026-08-21,54,ours,OURS,0,0.333,0.37,0.351,0.362,1.0,17,17,54,0.25,0.278,0.263,0.272,1.0,True,15,0.7,1.0,0.824,0.921,1.0,7,10,0.833,0.714,0.769,0.735,7,0.8075410524499353,0.8117948069565659,0.7877,0.375,0.3028278946687258,48,56,18,0.875,0.031,0.045,0.001,0.049,117877,14779,,,54,60,0,
arxiv_2608.21122v1,single_arabic,single,arabic,73,article,stat.ME,2026-08-21,54,ceiling,CEILING,0,1.0,0.37,0.541,0.424,,,,,0.75,0.278,0.405,0.318,,,,,,,,,,,,,,,,,,,,,,,,,,,,,,,0.9198,52,54,20,,
arxiv_2608.21122v1,single_arabic,single,arabic,73,article,stat.ME,2026-08-21,54,ladder0,LADDER-0,0,0.915,0.796,0.851,0.817,1.0,43,43,54,0.872,0.759,0.812,0.779,,,,,,,,,,,,,,,,,,,,,,,,,,,,,,,,,54,47,0,
arxiv_2608.21122v1,single_arabic,single,arabic,73,article,stat.ME,2026-08-21,54,ladder1,LADDER-1,0,0.915,0.796,0.851,0.817,1.0,43,43,54,0.872,0.759,0.812,0.779,,,,,,,,,,,,,,,,,,,,,,,,,,,,,,,,,54,47,0,
arxiv_2608.21122v1,single_arabic,single,arabic,73,article,stat.ME,2026-08-21,54,ladder2,LADDER-2,0,0.915,0.796,0.851,0.817,1.0,43,43,54,0.872,0.759,0.812,0.779,,,,,,,,,,,,,,,,,,,,,,,,,,,,,,,,,54,47,0,
arxiv_2608.21122v1,single_arabic,single,arabic,73,article,stat.ME,2026-08-21,54,base_small,BASE-small,1,0.755,0.741,0.748,0.743,1.0,35,35,54,0.717,0.704,0.71,0.706,,,,,,,,,,,,,,,,,,,,,,,,,,,,,,,,,54,53,,53
arxiv_2608.21122v1,single_arabic,single,arabic,73,article,stat.ME,2026-08-21,54,base_big,BASE-big,1,0.865,0.833,0.849,0.84,0.333,45,15,54,0.731,0.704,0.717,0.709,,,,,,,,,,,,,,,,,,,,,,,,,,,,,,,,,54,52,,52
arxiv_2608.23202v1,single_arabic,single,arabic,38,amsart,math.PR,2026-08-24,38,ours,OURS,0,0.385,0.132,0.196,0.152,1.0,5,5,38,0.385,0.132,0.196,0.152,1.0,True,3,1.0,1.0,1.0,1.0,0.0,0,0,1.0,1.0,1.0,1.0,0,0.4070938117308221,0.5071188415636453,0.9355,0.10344827586206896,0.042113152937671254,29,13,3,0.752,0.059,0.0,0.031,0.158,58081,14395,,,38,13,2,
arxiv_2608.23202v1,single_arabic,single,arabic,38,amsart,math.PR,2026-08-24,38,ceiling,CEILING,0,1.0,0.132,0.233,0.159,,,,,1.0,0.132,0.233,0.159,,,,,,,,,,,,,,,,,,,,,,,,,,,,,,,0.8738,35,38,5,,
arxiv_2608.23202v1,single_arabic,single,arabic,38,amsart,math.PR,2026-08-24,38,ladder0,LADDER-0,0,0.385,0.132,0.196,0.152,1.0,5,5,38,0.385,0.132,0.196,0.152,,,,,,,,,,,,,,,,,,,,,,,,,,,,,,,,,38,13,0,
arxiv_2608.23202v1,single_arabic,single,arabic,38,amsart,math.PR,2026-08-24,38,ladder1,LADDER-1,0,0.385,0.132,0.196,0.152,1.0,5,5,38,0.385,0.132,0.196,0.152,,,,,,,,,,,,,,,,,,,,,,,,,,,,,,,,,38,13,1,
arxiv_2608.23202v1,single_arabic,single,arabic,38,amsart,math.PR,2026-08-24,38,ladder2,LADDER-2,0,0.385,0.132,0.196,0.152,1.0,5,5,38,0.385,0.132,0.196,0.152,,,,,,,,,,,,,,,,,,,,,,,,,,,,,,,,,38,13,2,
arxiv_2608.23202v1,single_arabic,single,arabic,38,amsart,math.PR,2026-08-24,38,base_small,BASE-small,1,0.459,0.447,0.453,0.45,1.0,17,17,38,0.459,0.447,0.453,0.45,,,,,,,,,,,,,,,,,,,,,,,,,,,,,,,,,38,37,,37
arxiv_2608.23202v1,single_arabic,single,arabic,38,amsart,math.PR,2026-08-24,38,base_big,BASE-big,1,0.5,0.5,0.5,0.5,1.0,19,19,38,0.5,0.5,0.5,0.5,,,,,,,,,,,,,,,,,,,,,,,,,,,,,,,,,38,38,,38
arxiv_2608.23267v1,single_arabic,single,arabic,18,article,stat.AP,2026-08-24,30,ours,OURS,0,0.871,0.9,0.885,0.894,1.0,27,27,30,0.871,0.9,0.885,0.894,1.0,True,17,0.846,1.0,0.917,0.965,1.0,11,13,0.857,0.545,0.667,0.588,11,0.847781018833875,0.8467993608314089,0.8704,0.88,0.74604729657381,25,25,22,0.789,0.105,0.053,0.001,0.052,43191,9122,,,30,31,0,
arxiv_2608.23267v1,single_arabic,single,arabic,18,article,stat.AP,2026-08-24,30,ceiling,CEILING,0,1.0,0.9,0.947,0.918,,,,,1.0,0.9,0.947,0.918,,,,,,,,,,,,,,,,,,,,,,,,,,,,,,,0.9422,29,30,27,,
arxiv_2608.23267v1,single_arabic,single,arabic,18,article,stat.AP,2026-08-24,30,ladder0,LADDER-0,0,0.893,0.833,0.862,0.845,1.0,25,25,30,0.893,0.833,0.862,0.845,,,,,,,,,,,,,,,,,,,,,,,,,,,,,,,,,30,28,0,
arxiv_2608.23267v1,single_arabic,single,arabic,18,article,stat.AP,2026-08-24,30,ladder1,LADDER-1,0,0.893,0.833,0.862,0.845,1.0,25,25,30,0.893,0.833,0.862,0.845,,,,,,,,,,,,,,,,,,,,,,,,,,,,,,,,,30,28,0,
arxiv_2608.23267v1,single_arabic,single,arabic,18,article,stat.AP,2026-08-24,30,ladder2,LADDER-2,0,0.893,0.833,0.862,0.845,1.0,25,25,30,0.893,0.833,0.862,0.845,,,,,,,,,,,,,,,,,,,,,,,,,,,,,,,,,30,28,0,
arxiv_2608.23267v1,single_arabic,single,arabic,18,article,stat.AP,2026-08-24,30,base_small,BASE-small,1,0.893,0.833,0.862,0.845,1.0,25,25,30,0.893,0.833,0.862,0.845,,,,,,,,,,,,,,,,,,,,,,,,,,,,,,,,,30,28,,28
arxiv_2608.23267v1,single_arabic,single,arabic,18,article,stat.AP,2026-08-24,30,base_big,BASE-big,1,0.871,0.9,0.885,0.894,1.0,27,27,30,0.871,0.9,0.885,0.894,,,,,,,,,,,,,,,,,,,,,,,,,,,,,,,,,30,31,,31
arxiv_2608.23366v1,single_arabic,single,arabic,20,siamart250211,math.NA,2026-08-24,17,ours,OURS,0,1.0,0.059,0.111,0.072,1.0,1,1,17,1.0,0.059,0.111,0.072,,,1,1.0,1.0,1.0,1.0,0.75,4,5,0.0,0.0,0.0,0.0,4,0.9855072463768114,0.9883720930232557,0.9903,0.06666666666666667,0.06570048309178743,15,2,1,0.757,0.149,0.025,0.001,0.067,48852,11874,,,17,1,-1,
arxiv_2608.23366v1,single_arabic,single,arabic,20,siamart250211,math.NA,2026-08-24,17,ceiling,CEILING,0,1.0,0.059,0.111,0.072,,,,,1.0,0.059,0.111,0.072,,,,,,,,,,,,,,,,,,,,,,,,,,,,,,,0.9323,16,17,1,,
arxiv_2608.23366v1,single_arabic,single,arabic,20,siamart250211,math.NA,2026-08-24,17,ladder0,LADDER-0,0,0.0,0.0,0.0,0.0,0.0,0,0,17,0.0,0.0,0.0,0.0,,,,,,,,,,,,,,,,,,,,,,,,,,,,,,,,,17,0,-1,
arxiv_2608.23366v1,single_arabic,single,arabic,20,siamart250211,math.NA,2026-08-24,17,ladder1,LADDER-1,0,0.0,0.0,0.0,0.0,0.0,0,0,17,0.0,0.0,0.0,0.0,,,,,,,,,,,,,,,,,,,,,,,,,,,,,,,,,17,0,-1,
arxiv_2608.23366v1,single_arabic,single,arabic,20,siamart250211,math.NA,2026-08-24,17,ladder2,LADDER-2,0,0.0,0.0,0.0,0.0,0.0,0,0,17,0.0,0.0,0.0,0.0,,,,,,,,,,,,,,,,,,,,,,,,,,,,,,,,,17,0,-1,
arxiv_2608.23366v1,single_arabic,single,arabic,20,siamart250211,math.NA,2026-08-24,17,base_small,BASE-small,1,0.875,0.824,0.848,0.833,1.0,14,14,17,0.875,0.824,0.848,0.833,,,,,,,,,,,,,,,,,,,,,,,,,,,,,,,,,17,16,,16
arxiv_2608.23366v1,single_arabic,single,arabic,20,siamart250211,math.NA,2026-08-24,17,base_big,BASE-big,1,1.0,0.941,0.97,0.952,1.0,16,16,17,1.0,0.941,0.97,0.952,,,,,,,,,,,,,,,,,,,,,,,,,,,,,,,,,17,16,,16
arxiv_2608.23538v1,single_arabic,single,arabic,46,article,cs.LG,2026-08-24,28,ours,OURS,0,0.857,0.857,0.857,0.857,1.0,24,24,28,0.857,0.857,0.857,0.857,1.0,True,22,1.0,0.909,0.952,0.926,1.0,11,10,0.833,0.769,0.8,0.781,13,0.907035510283445,0.9106986459490503,0.9136,0.8846153846153846,0.8023775667892014,26,26,23,0.734,0.105,0.1,0.002,0.059,70552,18751,,,28,28,0,
arxiv_2608.23538v1,single_arabic,single,arabic,46,article,cs.LG,2026-08-24,28,ceiling,CEILING,0,1.0,0.857,0.923,0.882,,,,,1.0,0.857,0.923,0.882,,,,,,,,,,,,,,,,,,,,,,,,,,,,,,,0.9088,26,28,24,,
arxiv_2608.23538v1,single_arabic,single,arabic,46,article,cs.LG,2026-08-24,28,ladder0,LADDER-0,0,0.923,0.857,0.889,0.87,1.0,24,24,28,0.923,0.857,0.889,0.87,,,,,,,,,,,,,,,,,,,,,,,,,,,,,,,,,28,26,0,
arxiv_2608.23538v1,single_arabic,single,arabic,46,article,cs.LG,2026-08-24,28,ladder1,LADDER-1,0,0.923,0.857,0.889,0.87,1.0,24,24,28,0.923,0.857,0.889,0.87,,,,,,,,,,,,,,,,,,,,,,,,,,,,,,,,,28,26,0,
arxiv_2608.23538v1,single_arabic,single,arabic,46,article,cs.LG,2026-08-24,28,ladder2,LADDER-2,0,0.923,0.857,0.889,0.87,1.0,24,24,28,0.923,0.857,0.889,0.87,,,,,,,,,,,,,,,,,,,,,,,,,,,,,,,,,28,26,0,
arxiv_2608.23538v1,single_arabic,single,arabic,46,article,cs.LG,2026-08-24,28,base_small,BASE-small,1,0.923,0.857,0.889,0.87,1.0,24,24,28,0.923,0.857,0.889,0.87,,,,,,,,,,,,,,,,,,,,,,,,,,,,,,,,,28,26,,26
arxiv_2608.23538v1,single_arabic,single,arabic,46,article,cs.LG,2026-08-24,28,base_big,BASE-big,1,0.812,0.929,0.867,0.903,1.0,26,26,28,0.812,0.929,0.867,0.903,,,,,,,,,,,,,,,,,,,,,,,,,,,,,,,,,28,32,,32
arxiv_2608.21757v1,single_roman,single,roman,34,ieeetran,cs.IT,2026-08-22,25,ours,OURS,0,0.95,0.76,0.844,0.792,1.0,19,19,25,0.95,0.76,0.844,0.792,1.0,True,17,0.917,0.647,0.759,0.688,0.909,17,13,1.0,0.579,0.733,0.632,19,0.9297826217071403,0.9471488067795819,0.9485,0.8181818181818182,0.7607312359422057,22,19,18,0.791,0.092,0.03,0.03,0.056,53265,11130,,,25,20,2,
arxiv_2608.21757v1,single_roman,single,roman,34,ieeetran,cs.IT,2026-08-22,25,ceiling,CEILING,0,1.0,0.76,0.864,0.798,,,,,1.0,0.76,0.864,0.798,,,,,,,,,,,,,,,,,,,,,,,,,,,,,,,0.931,24,25,19,,
arxiv_2608.21757v1,single_roman,single,roman,34,ieeetran,cs.IT,2026-08-22,25,ladder0,LADDER-0,0,0.952,0.8,0.87,0.826,0.45,20,9,25,0.429,0.36,0.391,0.372,,,,,,,,,,,,,,,,,,,,,,,,,,,,,,,,,25,21,0,
arxiv_2608.21757v1,single_roman,single,roman,34,ieeetran,cs.IT,2026-08-22,25,ladder1,LADDER-1,0,0.952,0.8,0.87,0.826,1.0,20,20,25,0.952,0.8,0.87,0.826,,,,,,,,,,,,,,,,,,,,,,,,,,,,,,,,,25,21,1,
arxiv_2608.21757v1,single_roman,single,roman,34,ieeetran,cs.IT,2026-08-22,25,ladder2,LADDER-2,0,0.952,0.8,0.87,0.826,1.0,20,20,25,0.952,0.8,0.87,0.826,,,,,,,,,,,,,,,,,,,,,,,,,,,,,,,,,25,21,2,
arxiv_2608.21757v1,single_roman,single,roman,34,ieeetran,cs.IT,2026-08-22,25,base_small,BASE-small,1,1.0,0.68,0.81,0.726,1.0,17,17,25,1.0,0.68,0.81,0.726,,,,,,,,,,,,,,,,,,,,,,,,,,,,,,,,,25,17,,17
arxiv_2608.21757v1,single_roman,single,roman,34,ieeetran,cs.IT,2026-08-22,25,base_big,BASE-big,1,0.952,0.8,0.87,0.826,1.0,20,20,25,0.952,0.8,0.87,0.826,,,,,,,,,,,,,,,,,,,,,,,,,,,,,,,,,25,21,,21
arxiv_2608.21757v2,single_roman,single,roman,33,ieeetran,cs.IT,2026-08-22,25,ours,OURS,0,0.95,0.76,0.844,0.792,1.0,19,19,25,0.95,0.76,0.844,0.792,1.0,True,17,0.917,0.647,0.759,0.688,0.909,17,13,1.0,0.579,0.733,0.632,19,0.929806059791771,0.9471473843808956,0.9485,0.8181818181818182,0.7607504125569036,22,19,18,0.791,0.092,0.031,0.029,0.057,53217,11122,,,25,20,2,
arxiv_2608.21757v2,single_roman,single,roman,33,ieeetran,cs.IT,2026-08-22,25,ceiling,CEILING,0,1.0,0.76,0.864,0.798,,,,,1.0,0.76,0.864,0.798,,,,,,,,,,,,,,,,,,,,,,,,,,,,,,,0.9312,24,25,19,,
arxiv_2608.21757v2,single_roman,single,roman,33,ieeetran,cs.IT,2026-08-22,25,ladder0,LADDER-0,0,0.952,0.8,0.87,0.826,0.45,20,9,25,0.429,0.36,0.391,0.372,,,,,,,,,,,,,,,,,,,,,,,,,,,,,,,,,25,21,0,
arxiv_2608.21757v2,single_roman,single,roman,33,ieeetran,cs.IT,2026-08-22,25,ladder1,LADDER-1,0,0.952,0.8,0.87,0.826,1.0,20,20,25,0.952,0.8,0.87,0.826,,,,,,,,,,,,,,,,,,,,,,,,,,,,,,,,,25,21,1,
arxiv_2608.21757v2,single_roman,single,roman,33,ieeetran,cs.IT,2026-08-22,25,ladder2,LADDER-2,0,0.952,0.8,0.87,0.826,1.0,20,20,25,0.952,0.8,0.87,0.826,,,,,,,,,,,,,,,,,,,,,,,,,,,,,,,,,25,21,2,
arxiv_2608.21757v2,single_roman,single,roman,33,ieeetran,cs.IT,2026-08-22,25,base_small,BASE-small,1,1.0,0.68,0.81,0.726,1.0,17,17,25,1.0,0.68,0.81,0.726,,,,,,,,,,,,,,,,,,,,,,,,,,,,,,,,,25,17,,17
arxiv_2608.21757v2,single_roman,single,roman,33,ieeetran,cs.IT,2026-08-22,25,base_big,BASE-big,1,0.952,0.8,0.87,0.826,1.0,20,20,25,0.952,0.8,0.87,0.826,,,,,,,,,,,,,,,,,,,,,,,,,,,,,,,,,25,21,,21
arxiv_2608.21852v1,single_roman,single,roman,7,ieeetran,cs.IT,2026-08-22,12,ours,OURS,0,0.846,0.917,0.88,0.902,1.0,11,11,12,0.846,0.917,0.88,0.902,1.0,True,9,0.6,1.0,0.75,0.882,0.0,6,12,0.0,0.0,0.0,0.0,7,0.8632623597601063,0.8939236957912259,0.9164,0.9,0.7769361237840957,10,11,9,0.727,0.131,0.108,0.01,0.023,18500,5048,,,12,13,2,
arxiv_2608.21852v1,single_roman,single,roman,7,ieeetran,cs.IT,2026-08-22,12,ceiling,CEILING,0,1.0,0.917,0.957,0.932,,,,,1.0,0.917,0.957,0.932,,,,,,,,,,,,,,,,,,,,,,,,,,,,,,,0.9524,10,12,11,,
arxiv_2608.21852v1,single_roman,single,roman,7,ieeetran,cs.IT,2026-08-22,12,ladder0,LADDER-0,0,0.8,1.0,0.889,0.952,0.75,12,9,12,0.6,0.75,0.667,0.714,,,,,,,,,,,,,,,,,,,,,,,,,,,,,,,,,12,15,0,
arxiv_2608.21852v1,single_roman,single,roman,7,ieeetran,cs.IT,2026-08-22,12,ladder1,LADDER-1,0,0.8,1.0,0.889,0.952,1.0,12,12,12,0.8,1.0,0.889,0.952,,,,,,,,,,,,,,,,,,,,,,,,,,,,,,,,,12,15,1,
arxiv_2608.21852v1,single_roman,single,roman,7,ieeetran,cs.IT,2026-08-22,12,ladder2,LADDER-2,0,0.8,1.0,0.889,0.952,1.0,12,12,12,0.8,1.0,0.889,0.952,,,,,,,,,,,,,,,,,,,,,,,,,,,,,,,,,12,15,2,
arxiv_2608.21852v1,single_roman,single,roman,7,ieeetran,cs.IT,2026-08-22,12,base_small,BASE-small,1,0.5,0.417,0.455,0.431,1.0,5,5,12,0.5,0.417,0.455,0.431,,,,,,,,,,,,,,,,,,,,,,,,,,,,,,,,,12,10,,10
arxiv_2608.21852v1,single_roman,single,roman,7,ieeetran,cs.IT,2026-08-22,12,base_big,BASE-big,1,0.857,1.0,0.923,0.968,0.917,12,11,12,0.786,0.917,0.846,0.887,,,,,,,,,,,,,,,,,,,,,,,,,,,,,,,,,12,14,,14
arxiv_2608.23950v1,single_roman,single,roman,13,ieeetran,eess.SP,2026-08-25,11,ours,OURS,0,0.818,0.818,0.818,0.818,1.0,9,9,11,0.545,0.545,0.545,0.545,1.0,True,8,1.0,1.0,1.0,1.0,1.0,5,5,1.0,0.8,0.889,0.833,5,0.7298617357976903,0.7735276034263092,0.849,0.9,0.6568755622179212,10,10,9,0.79,0.092,0.084,0.004,0.031,18376,3865,,,11,11,2,
arxiv_2608.23950v1,single_roman,single,roman,13,ieeetran,eess.SP,2026-08-25,11,ceiling,CEILING,0,1.0,0.818,0.9,0.849,,,,,0.667,0.545,0.6,0.566,,,,,,,,,,,,,,,,,,,,,,,,,,,,,,,0.9412,10,11,9,,
arxiv_2608.23950v1,single_roman,single,roman,13,ieeetran,eess.SP,2026-08-25,11,ladder0,LADDER-0,0,0.909,0.909,0.909,0.909,0.667,9,6,11,0.636,0.636,0.636,0.636,,,,,,,,,,,,,,,,,,,,,,,,,,,,,,,,,11,11,0,
arxiv_2608.23950v1,single_roman,single,roman,13,ieeetran,eess.SP,2026-08-25,11,ladder1,LADDER-1,0,0.909,0.909,0.909,0.909,1.0,9,9,11,0.636,0.636,0.636,0.636,,,,,,,,,,,,,,,,,,,,,,,,,,,,,,,,,11,11,1,
arxiv_2608.23950v1,single_roman,single,roman,13,ieeetran,eess.SP,2026-08-25,11,ladder2,LADDER-2,0,0.909,0.909,0.909,0.909,0.889,9,8,11,0.545,0.545,0.545,0.545,,,,,,,,,,,,,,,,,,,,,,,,,,,,,,,,,11,11,2,
arxiv_2608.23950v1,single_roman,single,roman,13,ieeetran,eess.SP,2026-08-25,11,base_small,BASE-small,1,0.909,0.909,0.909,0.909,1.0,10,10,11,0.909,0.909,0.909,0.909,,,,,,,,,,,,,,,,,,,,,,,,,,,,,,,,,11,11,,11
arxiv_2608.23950v1,single_roman,single,roman,13,ieeetran,eess.SP,2026-08-25,11,base_big,BASE-big,1,0.846,1.0,0.917,0.965,1.0,11,11,11,0.846,1.0,0.917,0.965,,,,,,,,,,,,,,,,,,,,,,,,,,,,,,,,,11,13,,13
arxiv_2608.25805v1,single_roman,single,roman,47,ieeetran,cs.IT,2026-08-26,43,ours,OURS,0,0.907,0.907,0.907,0.907,1.0,39,39,43,0.907,0.907,0.907,0.907,1.0,True,34,1.0,1.0,1.0,1.0,0.0,1,2,0.0,0.0,0.0,0.0,1,0.8473277791789589,0.84017601993974,0.8342,0.925,0.783778195740537,40,40,37,0.889,0.042,0.006,0.002,0.061,66238,7349,,,43,43,0,
arxiv_2608.25805v1,single_roman,single,roman,47,ieeetran,cs.IT,2026-08-26,43,ceiling,CEILING,0,1.0,0.907,0.951,0.924,,,,,1.0,0.907,0.951,0.924,,,,,,,,,,,,,,,,,,,,,,,,,,,,,,,0.8465,42,43,39,,
arxiv_2608.25805v1,single_roman,single,roman,47,ieeetran,cs.IT,2026-08-26,43,ladder0,LADDER-0,0,0.878,0.837,0.857,0.845,1.0,36,36,43,0.634,0.605,0.619,0.61,,,,,,,,,,,,,,,,,,,,,,,,,,,,,,,,,43,41,0,
arxiv_2608.25805v1,single_roman,single,roman,47,ieeetran,cs.IT,2026-08-26,43,ladder1,LADDER-1,0,0.878,0.837,0.857,0.845,1.0,36,36,43,0.634,0.605,0.619,0.61,,,,,,,,,,,,,,,,,,,,,,,,,,,,,,,,,43,41,0,
arxiv_2608.25805v1,single_roman,single,roman,47,ieeetran,cs.IT,2026-08-26,43,ladder2,LADDER-2,0,0.878,0.837,0.857,0.845,1.0,36,36,43,0.634,0.605,0.619,0.61,,,,,,,,,,,,,,,,,,,,,,,,,,,,,,,,,43,41,0,
arxiv_2608.25805v1,single_roman,single,roman,47,ieeetran,cs.IT,2026-08-26,43,base_small,BASE-small,1,0.878,0.837,0.857,0.845,1.0,36,36,43,0.61,0.581,0.595,0.587,,,,,,,,,,,,,,,,,,,,,,,,,,,,,,,,,43,41,,41
arxiv_2608.25805v1,single_roman,single,roman,47,ieeetran,cs.IT,2026-08-26,43,base_big,BASE-big,1,0.891,0.953,0.921,0.94,1.0,41,41,43,0.891,0.953,0.921,0.94,,,,,,,,,,,,,,,,,,,,,,,,,,,,,,,,,43,46,,46
arxiv_2608.26012v1,single_roman,single,roman,16,ieeetran,cs.IT,2026-08-26,17,ours,OURS,0,0.75,0.706,0.727,0.714,1.0,12,12,17,0.375,0.353,0.364,0.357,1.0,True,11,1.0,1.0,1.0,1.0,1.0,2,2,1.0,1.0,1.0,1.0,1,0.8111437010641726,0.7953422271917829,0.7879,0.8461538461538461,0.6863523624389152,13,14,11,0.73,0.107,0.006,0.003,0.154,16600,4488,,,17,16,2,
arxiv_2608.26012v1,single_roman,single,roman,16,ieeetran,cs.IT,2026-08-26,17,ceiling,CEILING,0,1.0,0.706,0.828,0.75,,,,,0.5,0.353,0.414,0.375,,,,,,,,,,,,,,,,,,,,,,,,,,,,,,,0.855,15,17,12,,
arxiv_2608.26012v1,single_roman,single,roman,16,ieeetran,cs.IT,2026-08-26,17,ladder0,LADDER-0,0,0.765,0.765,0.765,0.765,0.182,11,2,17,0.176,0.176,0.176,0.176,,,,,,,,,,,,,,,,,,,,,,,,,,,,,,,,,17,17,0,
arxiv_2608.26012v1,single_roman,single,roman,16,ieeetran,cs.IT,2026-08-26,17,ladder1,LADDER-1,0,0.765,0.765,0.765,0.765,0.909,11,10,17,0.235,0.235,0.235,0.235,,,,,,,,,,,,,,,,,,,,,,,,,,,,,,,,,17,17,1,
arxiv_2608.26012v1,single_roman,single,roman,16,ieeetran,cs.IT,2026-08-26,17,ladder2,LADDER-2,0,0.765,0.765,0.765,0.765,0.909,11,10,17,0.353,0.353,0.353,0.353,,,,,,,,,,,,,,,,,,,,,,,,,,,,,,,,,17,17,2,
arxiv_2608.26012v1,single_roman,single,roman,16,ieeetran,cs.IT,2026-08-26,17,base_small,BASE-small,1,0.824,0.824,0.824,0.824,0.929,14,13,17,0.353,0.353,0.353,0.353,,,,,,,,,,,,,,,,,,,,,,,,,,,,,,,,,17,17,,17
arxiv_2608.26012v1,single_roman,single,roman,16,ieeetran,cs.IT,2026-08-26,17,base_big,BASE-big,1,0.833,0.882,0.857,0.872,0.933,15,14,17,0.389,0.412,0.4,0.407,,,,,,,,,,,,,,,,,,,,,,,,,,,,,,,,,17,18,,18
arxiv_2607.20250v1,single_unnumbered,single,unnumbered,13,eptcs,q-bio.PE,2026-07-22,11,ours,OURS,0,1.0,1.0,1.0,1.0,1.0,11,11,11,1.0,1.0,1.0,1.0,1.0,True,11,1.0,1.0,1.0,1.0,1.0,5,5,0.625,1.0,0.769,0.893,5,0.8468812714357999,0.8575577923011752,0.8663,1.0,0.8468812714357999,11,11,11,0.682,0.205,0.047,0.012,0.055,30718,9762,,,11,11,2,
arxiv_2607.20250v1,single_unnumbered,single,unnumbered,13,eptcs,q-bio.PE,2026-07-22,11,ceiling,CEILING,0,1.0,1.0,1.0,1.0,,,,,1.0,1.0,1.0,1.0,,,,,,,,,,,,,,,,,,,,,,,,,,,,,,,0.9453,11,11,11,,
arxiv_2607.20250v1,single_unnumbered,single,unnumbered,13,eptcs,q-bio.PE,2026-07-22,11,ladder0,LADDER-0,0,0.909,0.909,0.909,0.909,0.5,10,5,11,0.455,0.455,0.455,0.455,,,,,,,,,,,,,,,,,,,,,,,,,,,,,,,,,11,11,0,
arxiv_2607.20250v1,single_unnumbered,single,unnumbered,13,eptcs,q-bio.PE,2026-07-22,11,ladder1,LADDER-1,0,0.909,0.909,0.909,0.909,0.5,10,5,11,0.455,0.455,0.455,0.455,,,,,,,,,,,,,,,,,,,,,,,,,,,,,,,,,11,11,1,
arxiv_2607.20250v1,single_unnumbered,single,unnumbered,13,eptcs,q-bio.PE,2026-07-22,11,ladder2,LADDER-2,0,0.909,0.909,0.909,0.909,1.0,10,10,11,0.909,0.909,0.909,0.909,,,,,,,,,,,,,,,,,,,,,,,,,,,,,,,,,11,11,2,
arxiv_2607.20250v1,single_unnumbered,single,unnumbered,13,eptcs,q-bio.PE,2026-07-22,11,base_small,BASE-small,1,0.818,0.818,0.818,0.818,1.0,9,9,11,0.818,0.818,0.818,0.818,,,,,,,,,,,,,,,,,,,,,,,,,,,,,,,,,11,11,,11
arxiv_2607.20250v1,single_unnumbered,single,unnumbered,13,eptcs,q-bio.PE,2026-07-22,11,base_big,BASE-big,1,0.909,0.909,0.909,0.909,1.0,10,10,11,0.909,0.909,0.909,0.909,,,,,,,,,,,,,,,,,,,,,,,,,,,,,,,,,11,11,,11
arxiv_2607.21657v1,single_unnumbered,single,unnumbered,23,article,q-bio.PE,2026-07-22,10,ours,OURS,0,0.276,0.8,0.41,0.58,1.0,8,8,10,0.276,0.8,0.41,0.58,,,0,1.0,1.0,1.0,1.0,1.0,3,3,0.0,0.0,0.0,0.0,1,0.5488958990536278,0.7410562180579217,0.9667,0.5,0.2744479495268139,2,26,1,0.747,0.11,0.09,0.002,0.05,40395,10212,,,10,29,0,
arxiv_2607.21657v1,single_unnumbered,single,unnumbered,23,article,q-bio.PE,2026-07-22,10,ceiling,CEILING,0,1.0,0.8,0.889,0.833,,,,,1.0,0.8,0.889,0.833,,,,,,,,,,,,,,,,,,,,,,,,,,,,,,,0.9564,2,10,8,,
arxiv_2607.21657v1,single_unnumbered,single,unnumbered,23,article,q-bio.PE,2026-07-22,10,ladder0,LADDER-0,0,0.0,0.0,0.0,0.0,0.0,0,0,10,0.0,0.0,0.0,0.0,,,,,,,,,,,,,,,,,,,,,,,,,,,,,,,,,10,17,0,
arxiv_2607.21657v1,single_unnumbered,single,unnumbered,23,article,q-bio.PE,2026-07-22,10,ladder1,LADDER-1,0,0.0,0.0,0.0,0.0,0.0,0,0,10,0.0,0.0,0.0,0.0,,,,,,,,,,,,,,,,,,,,,,,,,,,,,,,,,10,17,0,
arxiv_2607.21657v1,single_unnumbered,single,unnumbered,23,article,q-bio.PE,2026-07-22,10,ladder2,LADDER-2,0,0.0,0.0,0.0,0.0,0.0,0,0,10,0.0,0.0,0.0,0.0,,,,,,,,,,,,,,,,,,,,,,,,,,,,,,,,,10,17,0,
arxiv_2607.21657v1,single_unnumbered,single,unnumbered,23,article,q-bio.PE,2026-07-22,10,base_small,BASE-small,1,0.308,0.8,0.444,0.606,1.0,8,8,10,0.308,0.8,0.444,0.606,,,,,,,,,,,,,,,,,,,,,,,,,,,,,,,,,10,26,,26
arxiv_2607.21657v1,single_unnumbered,single,unnumbered,23,article,q-bio.PE,2026-07-22,10,base_big,BASE-big,1,0.357,1.0,0.526,0.735,1.0,10,10,10,0.357,1.0,0.526,0.735,,,,,,,,,,,,,,,,,,,,,,,,,,,,,,,,,10,28,,28
arxiv_2608.07790v1,single_unnumbered,single,unnumbered,12,elsarticle,physics.bio-ph,2026-08-07,9,ours,OURS,0,1.0,0.889,0.941,0.909,1.0,8,8,9,1.0,0.889,0.941,0.909,1.0,True,8,1.0,1.0,1.0,1.0,1.0,1,1,1.0,1.0,1.0,1.0,1,0.9155675740459843,0.9180863456659398,0.92,1.0,0.9155675740459843,8,8,8,0.756,0.161,0.012,0.002,0.069,22826,5564,,,9,8,2,
arxiv_2608.07790v1,single_unnumbered,single,unnumbered,12,elsarticle,physics.bio-ph,2026-08-07,9,ceiling,CEILING,0,1.0,0.889,0.941,0.909,,,,,1.0,0.889,0.941,0.909,,,,,,,,,,,,,,,,,,,,,,,,,,,,,,,0.9259,8,9,8,,
arxiv_2608.07790v1,single_unnumbered,single,unnumbered,12,elsarticle,physics.bio-ph,2026-08-07,9,ladder0,LADDER-0,0,1.0,1.0,1.0,1.0,1.0,9,9,9,1.0,1.0,1.0,1.0,,,,,,,,,,,,,,,,,,,,,,,,,,,,,,,,,9,9,0,
arxiv_2608.07790v1,single_unnumbered,single,unnumbered,12,elsarticle,physics.bio-ph,2026-08-07,9,ladder1,LADDER-1,0,1.0,1.0,1.0,1.0,1.0,9,9,9,1.0,1.0,1.0,1.0,,,,,,,,,,,,,,,,,,,,,,,,,,,,,,,,,9,9,1,
arxiv_2608.07790v1,single_unnumbered,single,unnumbered,12,elsarticle,physics.bio-ph,2026-08-07,9,ladder2,LADDER-2,0,1.0,1.0,1.0,1.0,1.0,9,9,9,1.0,1.0,1.0,1.0,,,,,,,,,,,,,,,,,,,,,,,,,,,,,,,,,9,9,2,
arxiv_2608.07790v1,single_unnumbered,single,unnumbered,12,elsarticle,physics.bio-ph,2026-08-07,9,base_small,BASE-small,1,1.0,1.0,1.0,1.0,0.778,9,7,9,0.778,0.778,0.778,0.778,,,,,,,,,,,,,,,,,,,,,,,,,,,,,,,,,9,9,,9
arxiv_2608.07790v1,single_unnumbered,single,unnumbered,12,elsarticle,physics.bio-ph,2026-08-07,9,base_big,BASE-big,1,0.9,1.0,0.947,0.978,1.0,9,9,9,0.9,1.0,0.947,0.978,,,,,,,,,,,,,,,,,,,,,,,,,,,,,,,,,9,10,,10
arxiv_2608.12143v3,single_unnumbered,single,unnumbered,34,article,econ.GN,2026-08-12,25,ours,OURS,0,0.926,1.0,0.962,0.984,0.68,25,17,25,0.63,0.68,0.654,0.669,1.0,True,21,1.0,1.0,1.0,1.0,1.0,16,16,0.2,0.333,0.25,0.294,6,0.942246288213347,0.9468792150776415,0.951,1.0,0.942246288213347,21,24,21,0.842,0.033,0.1,0.001,0.023,78281,12335,,,25,27,0,
arxiv_2608.12143v3,single_unnumbered,single,unnumbered,34,article,econ.GN,2026-08-12,25,ceiling,CEILING,0,1.0,1.0,1.0,1.0,,,,,1.0,1.0,1.0,1.0,,,,,,,,,,,,,,,,,,,,,,,,,,,,,,,0.9784,21,25,25,,
arxiv_2608.12143v3,single_unnumbered,single,unnumbered,34,article,econ.GN,2026-08-12,25,ladder0,LADDER-0,0,1.0,0.56,0.718,0.614,1.0,14,14,25,1.0,0.56,0.718,0.614,,,,,,,,,,,,,,,,,,,,,,,,,,,,,,,,,25,14,0,
arxiv_2608.12143v3,single_unnumbered,single,unnumbered,34,article,econ.GN,2026-08-12,25,ladder1,LADDER-1,0,1.0,0.56,0.718,0.614,1.0,14,14,25,1.0,0.56,0.718,0.614,,,,,,,,,,,,,,,,,,,,,,,,,,,,,,,,,25,14,0,
arxiv_2608.12143v3,single_unnumbered,single,unnumbered,34,article,econ.GN,2026-08-12,25,ladder2,LADDER-2,0,1.0,0.56,0.718,0.614,1.0,14,14,25,1.0,0.56,0.718,0.614,,,,,,,,,,,,,,,,,,,,,,,,,,,,,,,,,25,14,0,
arxiv_2608.12143v3,single_unnumbered,single,unnumbered,34,article,econ.GN,2026-08-12,25,base_small,BASE-small,1,0.889,0.96,0.923,0.945,0.833,24,20,25,0.852,0.92,0.885,0.906,,,,,,,,,,,,,,,,,,,,,,,,,,,,,,,,,25,27,,27
arxiv_2608.12143v3,single_unnumbered,single,unnumbered,34,article,econ.GN,2026-08-12,25,base_big,BASE-big,1,0.96,0.96,0.96,0.96,1.0,24,24,25,0.96,0.96,0.96,0.96,,,,,,,,,,,,,,,,,,,,,,,,,,,,,,,,,25,25,,25
arxiv_2608.16366v1,single_unnumbered,single,unnumbered,22,article,q-bio.QM,2026-08-17,33,ours,OURS,0,0.886,0.939,0.912,0.928,1.0,31,31,33,0.886,0.939,0.912,0.928,1.0,True,28,0.6,1.0,0.75,0.882,0.667,3,5,0.0,0.0,0.0,0.0,0,0.8560045145039581,0.8363493993579236,0.828,0.9354838709677419,0.8007784167940253,31,32,29,0.828,0.059,0.074,0.002,0.038,40852,7031,,,33,35,0,
arxiv_2608.16366v1,single_unnumbered,single,unnumbered,22,article,q-bio.QM,2026-08-17,33,ceiling,CEILING,0,1.0,0.939,0.969,0.951,,,,,1.0,0.939,0.969,0.951,,,,,,,,,,,,,,,,,,,,,,,,,,,,,,,0.9357,31,33,31,,
arxiv_2608.16366v1,single_unnumbered,single,unnumbered,22,article,q-bio.QM,2026-08-17,33,ladder0,LADDER-0,0,0.963,0.788,0.867,0.818,1.0,26,26,33,0.963,0.788,0.867,0.818,,,,,,,,,,,,,,,,,,,,,,,,,,,,,,,,,33,27,0,
arxiv_2608.16366v1,single_unnumbered,single,unnumbered,22,article,q-bio.QM,2026-08-17,33,ladder1,LADDER-1,0,0.963,0.788,0.867,0.818,1.0,26,26,33,0.963,0.788,0.867,0.818,,,,,,,,,,,,,,,,,,,,,,,,,,,,,,,,,33,27,0,
arxiv_2608.16366v1,single_unnumbered,single,unnumbered,22,article,q-bio.QM,2026-08-17,33,ladder2,LADDER-2,0,0.963,0.788,0.867,0.818,1.0,26,26,33,0.963,0.788,0.867,0.818,,,,,,,,,,,,,,,,,,,,,,,,,,,,,,,,,33,27,0,
arxiv_2608.16366v1,single_unnumbered,single,unnumbered,22,article,q-bio.QM,2026-08-17,33,base_small,BASE-small,1,0.939,0.939,0.939,0.939,0.839,31,26,33,0.909,0.909,0.909,0.909,,,,,,,,,,,,,,,,,,,,,,,,,,,,,,,,,33,33,,33
arxiv_2608.16366v1,single_unnumbered,single,unnumbered,22,article,q-bio.QM,2026-08-17,33,base_big,BASE-big,1,0.933,0.848,0.889,0.864,1.0,28,28,33,0.933,0.848,0.889,0.864,,,,,,,,,,,,,,,,,,,,,,,,,,,,,,,,,33,30,,30
arxiv_2608.17196v1,single_unnumbered,single,unnumbered,12,revtex4-2,q-bio.NC,2026-08-17,13,ours,OURS,0,0.857,0.923,0.889,0.909,1.0,12,12,13,0.857,0.923,0.889,0.909,1.0,True,11,0.375,1.0,0.545,0.75,1.0,6,16,1.0,1.0,1.0,1.0,9,0.8702659652269734,0.8741945145772775,0.8773,0.9166666666666666,0.797743801458059,12,13,11,0.624,0.22,0.134,0.002,0.019,36778,13839,,,13,14,0,
arxiv_2608.17196v1,single_unnumbered,single,unnumbered,12,revtex4-2,q-bio.NC,2026-08-17,13,ceiling,CEILING,0,1.0,0.923,0.96,0.938,,,,,1.0,0.923,0.96,0.938,,,,,,,,,,,,,,,,,,,,,,,,,,,,,,,0.9362,12,13,12,,
arxiv_2608.17196v1,single_unnumbered,single,unnumbered,12,revtex4-2,q-bio.NC,2026-08-17,13,ladder0,LADDER-0,0,0.917,0.846,0.88,0.859,1.0,11,11,13,0.917,0.846,0.88,0.859,,,,,,,,,,,,,,,,,,,,,,,,,,,,,,,,,13,12,0,
arxiv_2608.17196v1,single_unnumbered,single,unnumbered,12,revtex4-2,q-bio.NC,2026-08-17,13,ladder1,LADDER-1,0,0.917,0.846,0.88,0.859,1.0,11,11,13,0.917,0.846,0.88,0.859,,,,,,,,,,,,,,,,,,,,,,,,,,,,,,,,,13,12,0,
arxiv_2608.17196v1,single_unnumbered,single,unnumbered,12,revtex4-2,q-bio.NC,2026-08-17,13,ladder2,LADDER-2,0,0.917,0.846,0.88,0.859,1.0,11,11,13,0.917,0.846,0.88,0.859,,,,,,,,,,,,,,,,,,,,,,,,,,,,,,,,,13,12,0,
arxiv_2608.17196v1,single_unnumbered,single,unnumbered,12,revtex4-2,q-bio.NC,2026-08-17,13,base_small,BASE-small,1,0.846,0.846,0.846,0.846,0.818,11,9,13,0.692,0.692,0.692,0.692,,,,,,,,,,,,,,,,,,,,,,,,,,,,,,,,,13,13,,13
arxiv_2608.17196v1,single_unnumbered,single,unnumbered,12,revtex4-2,q-bio.NC,2026-08-17,13,base_big,BASE-big,1,0.846,0.846,0.846,0.846,1.0,11,11,13,0.846,0.846,0.846,0.846,,,,,,,,,,,,,,,,,,,,,,,,,,,,,,,,,13,13,,13
arxiv_2608.17312v1,single_unnumbered,single,unnumbered,37,article,econ.GN,2026-08-18,62,ours,OURS,0,0.921,0.935,0.928,0.932,1.0,58,58,62,0.921,0.935,0.928,0.932,1.0,True,45,0.385,1.0,0.556,0.758,1.0,15,39,0.593,0.5,0.542,0.516,32,0.894798876547592,0.9180722559481028,0.938,0.9230769230769231,0.8259681937362389,52,52,48,0.765,0.073,0.145,0.001,0.016,90266,21195,,,62,63,0,
arxiv_2608.17312v1,single_unnumbered,single,unnumbered,37,article,econ.GN,2026-08-18,62,ceiling,CEILING,0,1.0,0.935,0.967,0.948,,,,,1.0,0.935,0.967,0.948,,,,,,,,,,,,,,,,,,,,,,,,,,,,,,,0.9488,55,62,58,,
arxiv_2608.17312v1,single_unnumbered,single,unnumbered,37,article,econ.GN,2026-08-18,62,ladder0,LADDER-0,0,0.957,0.355,0.518,0.406,1.0,9,9,62,0.957,0.355,0.518,0.406,,,,,,,,,,,,,,,,,,,,,,,,,,,,,,,,,62,23,0,
arxiv_2608.17312v1,single_unnumbered,single,unnumbered,37,article,econ.GN,2026-08-18,62,ladder1,LADDER-1,0,0.957,0.355,0.518,0.406,1.0,9,9,62,0.957,0.355,0.518,0.406,,,,,,,,,,,,,,,,,,,,,,,,,,,,,,,,,62,23,0,
arxiv_2608.17312v1,single_unnumbered,single,unnumbered,37,article,econ.GN,2026-08-18,62,ladder2,LADDER-2,0,0.957,0.355,0.518,0.406,1.0,9,9,62,0.957,0.355,0.518,0.406,,,,,,,,,,,,,,,,,,,,,,,,,,,,,,,,,62,23,0,
arxiv_2608.17312v1,single_unnumbered,single,unnumbered,37,article,econ.GN,2026-08-18,62,base_small,BASE-small,1,0.923,0.581,0.713,0.627,0.654,26,17,62,0.692,0.435,0.535,0.47,,,,,,,,,,,,,,,,,,,,,,,,,,,,,,,,,62,39,,39
arxiv_2608.17312v1,single_unnumbered,single,unnumbered,37,article,econ.GN,2026-08-18,62,base_big,BASE-big,1,0.875,0.677,0.764,0.709,0.5,42,21,62,0.688,0.532,0.6,0.557,,,,,,,,,,,,,,,,,,,,,,,,,,,,,,,,,62,48,,48
arxiv_2608.17643v1,single_unnumbered,single,unnumbered,33,article,q-bio.QM,2026-08-18,43,ours,OURS,0,1.0,0.977,0.988,0.981,1.0,42,42,43,1.0,0.977,0.988,0.981,1.0,True,41,0.941,1.0,0.97,0.988,1.0,16,17,1.0,1.0,1.0,1.0,19,0.9833668581989973,0.9825636323729557,0.9821,1.0,0.9833668581989973,41,41,41,0.758,0.1,0.12,0.007,0.015,77772,18836,,,43,42,2,
arxiv_2608.17643v1,single_unnumbered,single,unnumbered,33,article,q-bio.QM,2026-08-18,43,ceiling,CEILING,0,1.0,0.977,0.988,0.981,,,,,1.0,0.977,0.988,0.981,,,,,,,,,,,,,,,,,,,,,,,,,,,,,,,0.984,41,43,42,,
arxiv_2608.17643v1,single_unnumbered,single,unnumbered,33,article,q-bio.QM,2026-08-18,43,ladder0,LADDER-0,0,1.0,1.0,1.0,1.0,0.186,43,8,43,0.186,0.186,0.186,0.186,,,,,,,,,,,,,,,,,,,,,,,,,,,,,,,,,43,43,0,
arxiv_2608.17643v1,single_unnumbered,single,unnumbered,33,article,q-bio.QM,2026-08-18,43,ladder1,LADDER-1,0,1.0,1.0,1.0,1.0,0.186,43,8,43,0.186,0.186,0.186,0.186,,,,,,,,,,,,,,,,,,,,,,,,,,,,,,,,,43,43,1,
arxiv_2608.17643v1,single_unnumbered,single,unnumbered,33,article,q-bio.QM,2026-08-18,43,ladder2,LADDER-2,0,1.0,1.0,1.0,1.0,1.0,43,43,43,1.0,1.0,1.0,1.0,,,,,,,,,,,,,,,,,,,,,,,,,,,,,,,,,43,43,2,
arxiv_2608.17643v1,single_unnumbered,single,unnumbered,33,article,q-bio.QM,2026-08-18,43,base_small,BASE-small,1,0.977,0.977,0.977,0.977,0.976,42,41,43,0.953,0.953,0.953,0.953,,,,,,,,,,,,,,,,,,,,,,,,,,,,,,,,,43,43,,43
arxiv_2608.17643v1,single_unnumbered,single,unnumbered,33,article,q-bio.QM,2026-08-18,43,base_big,BASE-big,1,0.956,1.0,0.977,0.991,0.977,43,42,43,0.933,0.977,0.955,0.968,,,,,,,,,,,,,,,,,,,,,,,,,,,,,,,,,43,45,,45
arxiv_2608.18792v1,single_unnumbered,single,unnumbered,24,sn-jnl,physics.soc-ph,2026-08-19,16,ours,OURS,0,0.938,0.938,0.938,0.938,1.0,15,15,16,0.938,0.938,0.938,0.938,1.0,True,12,1.0,1.0,1.0,1.0,1.0,18,18,0.607,0.773,0.68,0.733,22,0.9233125994613988,0.9495115644030498,0.984,1.0,0.9233125994613988,13,13,13,0.695,0.115,0.162,0.001,0.026,35571,10850,,,16,16,2,
arxiv_2608.18792v1,single_unnumbered,single,unnumbered,24,sn-jnl,physics.soc-ph,2026-08-19,16,ceiling,CEILING,0,1.0,0.938,0.968,0.949,,,,,1.0,0.938,0.968,0.949,,,,,,,,,,,,,,,,,,,,,,,,,,,,,,,0.9847,13,16,15,,
arxiv_2608.18792v1,single_unnumbered,single,unnumbered,24,sn-jnl,physics.soc-ph,2026-08-19,16,ladder0,LADDER-0,0,1.0,1.0,1.0,1.0,0.375,16,6,16,0.375,0.375,0.375,0.375,,,,,,,,,,,,,,,,,,,,,,,,,,,,,,,,,16,16,0,
arxiv_2608.18792v1,single_unnumbered,single,unnumbered,24,sn-jnl,physics.soc-ph,2026-08-19,16,ladder1,LADDER-1,0,1.0,1.0,1.0,1.0,0.375,16,6,16,0.375,0.375,0.375,0.375,,,,,,,,,,,,,,,,,,,,,,,,,,,,,,,,,16,16,1,
arxiv_2608.18792v1,single_unnumbered,single,unnumbered,24,sn-jnl,physics.soc-ph,2026-08-19,16,ladder2,LADDER-2,0,1.0,1.0,1.0,1.0,1.0,16,16,16,1.0,1.0,1.0,1.0,,,,,,,,,,,,,,,,,,,,,,,,,,,,,,,,,16,16,2,
arxiv_2608.18792v1,single_unnumbered,single,unnumbered,24,sn-jnl,physics.soc-ph,2026-08-19,16,base_small,BASE-small,1,0.923,0.75,0.828,0.779,1.0,12,12,16,0.923,0.75,0.828,0.779,,,,,,,,,,,,,,,,,,,,,,,,,,,,,,,,,16,13,,13
arxiv_2608.18792v1,single_unnumbered,single,unnumbered,24,sn-jnl,physics.soc-ph,2026-08-19,16,base_big,BASE-big,1,1.0,1.0,1.0,1.0,1.0,16,16,16,1.0,1.0,1.0,1.0,,,,,,,,,,,,,,,,,,,,,,,,,,,,,,,,,16,16,,16
arxiv_2608.19930v1,single_unnumbered,single,unnumbered,9,article,stat.AP,2026-08-20,17,ours,OURS,0,0.929,0.765,0.839,0.793,1.0,13,13,17,0.929,0.765,0.839,0.793,1.0,True,12,1.0,1.0,1.0,1.0,1.0,5,5,1.0,1.0,1.0,1.0,6,0.9526512442620255,0.9599853878957374,0.965,0.8,0.7621209954096204,15,13,12,0.761,0.161,0.053,0.002,0.022,18515,4417,,,17,14,0,
arxiv_2608.19930v1,single_unnumbered,single,unnumbered,9,article,stat.AP,2026-08-20,17,ceiling,CEILING,0,1.0,0.765,0.867,0.802,,,,,1.0,0.765,0.867,0.802,,,,,,,,,,,,,,,,,,,,,,,,,,,,,,,0.9693,15,17,13,,
arxiv_2608.19930v1,single_unnumbered,single,unnumbered,9,article,stat.AP,2026-08-20,17,ladder0,LADDER-0,0,1.0,0.588,0.741,0.641,1.0,10,10,17,1.0,0.588,0.741,0.641,,,,,,,,,,,,,,,,,,,,,,,,,,,,,,,,,17,10,0,
arxiv_2608.19930v1,single_unnumbered,single,unnumbered,9,article,stat.AP,2026-08-20,17,ladder1,LADDER-1,0,1.0,0.588,0.741,0.641,1.0,10,10,17,1.0,0.588,0.741,0.641,,,,,,,,,,,,,,,,,,,,,,,,,,,,,,,,,17,10,0,
arxiv_2608.19930v1,single_unnumbered,single,unnumbered,9,article,stat.AP,2026-08-20,17,ladder2,LADDER-2,0,1.0,0.588,0.741,0.641,1.0,10,10,17,1.0,0.588,0.741,0.641,,,,,,,,,,,,,,,,,,,,,,,,,,,,,,,,,17,10,0,
arxiv_2608.19930v1,single_unnumbered,single,unnumbered,9,article,stat.AP,2026-08-20,17,base_small,BASE-small,1,0.938,0.882,0.909,0.893,0.8,15,12,17,0.875,0.824,0.848,0.833,,,,,,,,,,,,,,,,,,,,,,,,,,,,,,,,,17,16,,16
arxiv_2608.19930v1,single_unnumbered,single,unnumbered,9,article,stat.AP,2026-08-20,17,base_big,BASE-big,1,0.938,0.882,0.909,0.893,0.733,15,11,17,0.812,0.765,0.788,0.774,,,,,,,,,,,,,,,,,,,,,,,,,,,,,,,,,17,16,,16
arxiv_2608.21073v1,single_unnumbered,single,unnumbered,11,wlscirep,stat.AP,2026-08-21,14,ours,OURS,0,0.929,0.929,0.929,0.929,1.0,13,13,14,0.929,0.929,0.929,0.929,1.0,True,12,1.0,1.0,1.0,1.0,1.0,5,5,1.0,1.0,1.0,1.0,5,0.9549226405784611,0.969289456553481,0.981,1.0,0.9549226405784611,12,13,12,0.766,0.096,0.077,0.002,0.059,32627,7629,,,14,14,2,
arxiv_2608.21073v1,single_unnumbered,single,unnumbered,11,wlscirep,stat.AP,2026-08-21,14,ceiling,CEILING,0,1.0,0.929,0.963,0.942,,,,,1.0,0.929,0.963,0.942,,,,,,,,,,,,,,,,,,,,,,,,,,,,,,,0.9823,12,14,13,,
arxiv_2608.21073v1,single_unnumbered,single,unnumbered,11,wlscirep,stat.AP,2026-08-21,14,ladder0,LADDER-0,0,0.933,1.0,0.966,0.986,0.714,14,10,14,0.667,0.714,0.69,0.704,,,,,,,,,,,,,,,,,,,,,,,,,,,,,,,,,14,15,0,
arxiv_2608.21073v1,single_unnumbered,single,unnumbered,11,wlscirep,stat.AP,2026-08-21,14,ladder1,LADDER-1,0,0.933,1.0,0.966,0.986,0.714,14,10,14,0.667,0.714,0.69,0.704,,,,,,,,,,,,,,,,,,,,,,,,,,,,,,,,,14,15,1,
arxiv_2608.21073v1,single_unnumbered,single,unnumbered,11,wlscirep,stat.AP,2026-08-21,14,ladder2,LADDER-2,0,0.933,1.0,0.966,0.986,1.0,14,14,14,0.933,1.0,0.966,0.986,,,,,,,,,,,,,,,,,,,,,,,,,,,,,,,,,14,15,2,
arxiv_2608.21073v1,single_unnumbered,single,unnumbered,11,wlscirep,stat.AP,2026-08-21,14,base_small,BASE-small,1,0.8,0.857,0.828,0.845,1.0,12,12,14,0.8,0.857,0.828,0.845,,,,,,,,,,,,,,,,,,,,,,,,,,,,,,,,,14,15,,15
arxiv_2608.21073v1,single_unnumbered,single,unnumbered,11,wlscirep,stat.AP,2026-08-21,14,base_big,BASE-big,1,0.75,0.857,0.8,0.833,1.0,12,12,14,0.75,0.857,0.8,0.833,,,,,,,,,,,,,,,,,,,,,,,,,,,,,,,,,14,16,,16
arxiv_2608.21221v1,single_unnumbered,single,unnumbered,21,article,cs.CY,2026-08-21,26,ours,OURS,0,0.962,0.962,0.962,0.962,1.0,25,25,26,0.962,0.962,0.962,0.962,1.0,True,24,1.0,1.0,1.0,1.0,0.0,0,0,1.0,1.0,1.0,1.0,0,0.8887681681672777,0.881240089524195,0.8837,0.9615384615384616,0.8545847770839209,26,25,25,0.788,0.084,0.108,0.001,0.019,54618,11571,,,26,26,0,
arxiv_2608.21221v1,single_unnumbered,single,unnumbered,21,article,cs.CY,2026-08-21,26,ceiling,CEILING,0,1.0,0.962,0.98,0.969,,,,,1.0,0.962,0.98,0.969,,,,,,,,,,,,,,,,,,,,,,,,,,,,,,,0.9807,26,26,25,,
arxiv_2608.21221v1,single_unnumbered,single,unnumbered,21,article,cs.CY,2026-08-21,26,ladder0,LADDER-0,0,1.0,0.962,0.98,0.969,1.0,25,25,26,1.0,0.962,0.98,0.969,,,,,,,,,,,,,,,,,,,,,,,,,,,,,,,,,26,25,0,
arxiv_2608.21221v1,single_unnumbered,single,unnumbered,21,article,cs.CY,2026-08-21,26,ladder1,LADDER-1,0,1.0,0.962,0.98,0.969,1.0,25,25,26,1.0,0.962,0.98,0.969,,,,,,,,,,,,,,,,,,,,,,,,,,,,,,,,,26,25,0,
arxiv_2608.21221v1,single_unnumbered,single,unnumbered,21,article,cs.CY,2026-08-21,26,ladder2,LADDER-2,0,1.0,0.962,0.98,0.969,1.0,25,25,26,1.0,0.962,0.98,0.969,,,,,,,,,,,,,,,,,,,,,,,,,,,,,,,,,26,25,0,
arxiv_2608.21221v1,single_unnumbered,single,unnumbered,21,article,cs.CY,2026-08-21,26,base_small,BASE-small,1,0.96,0.923,0.941,0.93,1.0,24,24,26,0.96,0.923,0.941,0.93,,,,,,,,,,,,,,,,,,,,,,,,,,,,,,,,,26,25,,25
arxiv_2608.21221v1,single_unnumbered,single,unnumbered,21,article,cs.CY,2026-08-21,26,base_big,BASE-big,1,0.962,0.962,0.962,0.962,1.0,25,25,26,0.962,0.962,0.962,0.962,,,,,,,,,,,,,,,,,,,,,,,,,,,,,,,,,26,26,,26
arxiv_2607.23728v1,two_arabic,two,arabic,6,revtex4,q-bio.PE,2026-07-26,9,ours,OURS,0,1.0,1.0,1.0,1.0,1.0,9,9,9,1.0,1.0,1.0,1.0,1.0,True,9,0.857,1.0,0.923,0.968,1.0,6,7,0.0,0.0,0.0,0.0,0,0.9184057227826757,0.9267008077707778,0.934,1.0,0.9184057227826757,9,9,9,0.8,0.062,0.083,0.002,0.053,18077,3624,,,9,9,1,
arxiv_2607.23728v1,two_arabic,two,arabic,6,revtex4,q-bio.PE,2026-07-26,9,ceiling,CEILING,0,1.0,1.0,1.0,1.0,,,,,1.0,1.0,1.0,1.0,,,,,,,,,,,,,,,,,,,,,,,,,,,,,,,0.9596,9,9,9,,
arxiv_2607.23728v1,two_arabic,two,arabic,6,revtex4,q-bio.PE,2026-07-26,9,ladder0,LADDER-0,0,1.0,0.889,0.941,0.909,0.75,8,6,9,0.75,0.667,0.706,0.682,,,,,,,,,,,,,,,,,,,,,,,,,,,,,,,,,9,8,0,
arxiv_2607.23728v1,two_arabic,two,arabic,6,revtex4,q-bio.PE,2026-07-26,9,ladder1,LADDER-1,0,1.0,0.889,0.941,0.909,1.0,8,8,9,1.0,0.889,0.941,0.909,,,,,,,,,,,,,,,,,,,,,,,,,,,,,,,,,9,8,1,
arxiv_2607.23728v1,two_arabic,two,arabic,6,revtex4,q-bio.PE,2026-07-26,9,ladder2,LADDER-2,0,1.0,0.889,0.941,0.909,1.0,8,8,9,1.0,0.889,0.941,0.909,,,,,,,,,,,,,,,,,,,,,,,,,,,,,,,,,9,8,1,
arxiv_2607.23728v1,two_arabic,two,arabic,6,revtex4,q-bio.PE,2026-07-26,9,base_small,BASE-small,1,1.0,0.889,0.941,0.909,1.0,8,8,9,1.0,0.889,0.941,0.909,,,,,,,,,,,,,,,,,,,,,,,,,,,,,,,,,9,8,,8
arxiv_2607.23728v1,two_arabic,two,arabic,6,revtex4,q-bio.PE,2026-07-26,9,base_big,BASE-big,1,1.0,0.889,0.941,0.909,1.0,8,8,9,1.0,0.889,0.941,0.909,,,,,,,,,,,,,,,,,,,,,,,,,,,,,,,,,9,8,,8
arxiv_2608.07400v1,two_arabic,two,arabic,24,article,econ.GN,2026-08-07,56,ours,OURS,0,0.82,0.893,0.855,0.877,1.0,50,50,56,0.82,0.893,0.855,0.877,1.0,True,46,0.909,1.0,0.952,0.98,1.0,20,22,0.909,0.833,0.87,0.847,24,0.9053637945994353,0.9157533069663936,0.923,0.9038461538461539,0.8183095835802588,52,58,47,0.717,0.087,0.138,0.001,0.057,72913,20613,,,56,61,0,
arxiv_2608.07400v1,two_arabic,two,arabic,24,article,econ.GN,2026-08-07,56,ceiling,CEILING,0,1.0,0.893,0.943,0.912,,,,,1.0,0.893,0.943,0.912,,,,,,,,,,,,,,,,,,,,,,,,,,,,,,,0.9583,53,56,50,,
arxiv_2608.07400v1,two_arabic,two,arabic,24,article,econ.GN,2026-08-07,56,ladder0,LADDER-0,0,1.0,0.946,0.972,0.957,1.0,53,53,56,1.0,0.946,0.972,0.957,,,,,,,,,,,,,,,,,,,,,,,,,,,,,,,,,56,53,0,
arxiv_2608.07400v1,two_arabic,two,arabic,24,article,econ.GN,2026-08-07,56,ladder1,LADDER-1,0,1.0,0.946,0.972,0.957,1.0,53,53,56,1.0,0.946,0.972,0.957,,,,,,,,,,,,,,,,,,,,,,,,,,,,,,,,,56,53,0,
arxiv_2608.07400v1,two_arabic,two,arabic,24,article,econ.GN,2026-08-07,56,ladder2,LADDER-2,0,1.0,0.946,0.972,0.957,1.0,53,53,56,1.0,0.946,0.972,0.957,,,,,,,,,,,,,,,,,,,,,,,,,,,,,,,,,56,53,0,
arxiv_2608.07400v1,two_arabic,two,arabic,24,article,econ.GN,2026-08-07,56,base_small,BASE-small,1,1.0,0.964,0.982,0.971,0.926,54,50,56,0.981,0.946,0.964,0.953,,,,,,,,,,,,,,,,,,,,,,,,,,,,,,,,,56,54,,54
arxiv_2608.07400v1,two_arabic,two,arabic,24,article,econ.GN,2026-08-07,56,base_big,BASE-big,1,0.982,1.0,0.991,0.996,1.0,56,56,56,0.982,1.0,0.991,0.996,,,,,,,,,,,,,,,,,,,,,,,,,,,,,,,,,56,57,,57
arxiv_2608.12408v2,two_arabic,two,arabic,13,article,q-bio.NC,2026-08-11,22,ours,OURS,0,0.952,0.909,0.93,0.917,0.8,20,16,22,0.762,0.727,0.744,0.734,1.0,True,20,0.875,1.0,0.933,0.972,1.0,7,8,0.9,0.75,0.818,0.776,12,0.8533096906616733,0.8626992796832431,0.9072,0.9090909090909091,0.7757360824197029,22,21,20,0.842,0.042,0.069,0.001,0.047,49240,7771,,,22,21,0,
arxiv_2608.12408v2,two_arabic,two,arabic,13,article,q-bio.NC,2026-08-11,22,ceiling,CEILING,0,1.0,0.909,0.952,0.926,,,,,1.0,0.909,0.952,0.926,,,,,,,,,,,,,,,,,,,,,,,,,,,,,,,0.9459,22,22,20,,
arxiv_2608.12408v2,two_arabic,two,arabic,13,article,q-bio.NC,2026-08-11,22,ladder0,LADDER-0,0,1.0,0.727,0.842,0.769,1.0,16,16,22,1.0,0.727,0.842,0.769,,,,,,,,,,,,,,,,,,,,,,,,,,,,,,,,,22,16,0,
arxiv_2608.12408v2,two_arabic,two,arabic,13,article,q-bio.NC,2026-08-11,22,ladder1,LADDER-1,0,1.0,0.727,0.842,0.769,1.0,16,16,22,1.0,0.727,0.842,0.769,,,,,,,,,,,,,,,,,,,,,,,,,,,,,,,,,22,16,0,
arxiv_2608.12408v2,two_arabic,two,arabic,13,article,q-bio.NC,2026-08-11,22,ladder2,LADDER-2,0,1.0,0.727,0.842,0.769,1.0,16,16,22,1.0,0.727,0.842,0.769,,,,,,,,,,,,,,,,,,,,,,,,,,,,,,,,,22,16,0,
arxiv_2608.12408v2,two_arabic,two,arabic,13,article,q-bio.NC,2026-08-11,22,base_small,BASE-small,1,0.909,0.909,0.909,0.909,0.75,20,15,22,0.682,0.682,0.682,0.682,,,,,,,,,,,,,,,,,,,,,,,,,,,,,,,,,22,22,,22
arxiv_2608.12408v2,two_arabic,two,arabic,13,article,q-bio.NC,2026-08-11,22,base_big,BASE-big,1,0.595,1.0,0.746,0.88,0.773,22,17,22,0.459,0.773,0.576,0.68,,,,,,,,,,,,,,,,,,,,,,,,,,,,,,,,,22,37,,37
arxiv_2608.14323v1,two_arabic,two,arabic,8,acmart,q-fin.ST,2026-08-14,19,ours,OURS,0,1.0,0.947,0.973,0.957,1.0,18,18,19,1.0,0.947,0.973,0.957,1.0,True,15,1.0,1.0,1.0,1.0,1.0,6,6,1.0,1.0,1.0,1.0,6,0.9326778611219719,0.9317877314011843,0.9315,1.0,0.9326778611219719,15,15,15,0.751,0.133,0.068,0.011,0.037,32882,8183,,,19,18,0,
arxiv_2608.14323v1,two_arabic,two,arabic,8,acmart,q-fin.ST,2026-08-14,19,ceiling,CEILING,0,1.0,0.947,0.973,0.957,,,,,1.0,0.947,0.973,0.957,,,,,,,,,,,,,,,,,,,,,,,,,,,,,,,0.9316,15,19,18,,
arxiv_2608.14323v1,two_arabic,two,arabic,8,acmart,q-fin.ST,2026-08-14,19,ladder0,LADDER-0,0,1.0,0.947,0.973,0.957,1.0,18,18,19,1.0,0.947,0.973,0.957,,,,,,,,,,,,,,,,,,,,,,,,,,,,,,,,,19,18,0,
arxiv_2608.14323v1,two_arabic,two,arabic,8,acmart,q-fin.ST,2026-08-14,19,ladder1,LADDER-1,0,1.0,0.947,0.973,0.957,1.0,18,18,19,1.0,0.947,0.973,0.957,,,,,,,,,,,,,,,,,,,,,,,,,,,,,,,,,19,18,0,
arxiv_2608.14323v1,two_arabic,two,arabic,8,acmart,q-fin.ST,2026-08-14,19,ladder2,LADDER-2,0,1.0,0.947,0.973,0.957,1.0,18,18,19,1.0,0.947,0.973,0.957,,,,,,,,,,,,,,,,,,,,,,,,,,,,,,,,,19,18,0,
arxiv_2608.14323v1,two_arabic,two,arabic,8,acmart,q-fin.ST,2026-08-14,19,base_small,BASE-small,1,1.0,0.947,0.973,0.957,1.0,18,18,19,1.0,0.947,0.973,0.957,,,,,,,,,,,,,,,,,,,,,,,,,,,,,,,,,19,18,,18
arxiv_2608.14323v1,two_arabic,two,arabic,8,acmart,q-fin.ST,2026-08-14,19,base_big,BASE-big,1,1.0,1.0,1.0,1.0,1.0,19,19,19,1.0,1.0,1.0,1.0,,,,,,,,,,,,,,,,,,,,,,,,,,,,,,,,,19,19,,19
arxiv_2608.17511v1,two_arabic,two,arabic,20,revtex4-2,physics.soc-ph,2026-08-18,30,ours,OURS,0,0.742,0.767,0.754,0.762,1.0,23,23,30,0.742,0.767,0.754,0.762,1.0,True,23,1.0,1.0,1.0,1.0,1.0,5,5,0.857,0.6,0.706,0.638,10,0.9021412251352947,0.9180238678773284,0.9295,0.7666666666666667,0.6916416059370593,30,31,23,0.758,0.12,0.048,0.001,0.073,66277,16031,,,30,31,0,
arxiv_2608.17511v1,two_arabic,two,arabic,20,revtex4-2,physics.soc-ph,2026-08-18,30,ceiling,CEILING,0,1.0,0.767,0.868,0.804,,,,,1.0,0.767,0.868,0.804,,,,,,,,,,,,,,,,,,,,,,,,,,,,,,,0.9147,30,30,23,,
arxiv_2608.17511v1,two_arabic,two,arabic,20,revtex4-2,physics.soc-ph,2026-08-18,30,ladder0,LADDER-0,0,0.862,0.833,0.847,0.839,1.0,25,25,30,0.862,0.833,0.847,0.839,,,,,,,,,,,,,,,,,,,,,,,,,,,,,,,,,30,29,0,
arxiv_2608.17511v1,two_arabic,two,arabic,20,revtex4-2,physics.soc-ph,2026-08-18,30,ladder1,LADDER-1,0,0.862,0.833,0.847,0.839,1.0,25,25,30,0.862,0.833,0.847,0.839,,,,,,,,,,,,,,,,,,,,,,,,,,,,,,,,,30,29,0,
arxiv_2608.17511v1,two_arabic,two,arabic,20,revtex4-2,physics.soc-ph,2026-08-18,30,ladder2,LADDER-2,0,0.862,0.833,0.847,0.839,1.0,25,25,30,0.862,0.833,0.847,0.839,,,,,,,,,,,,,,,,,,,,,,,,,,,,,,,,,30,29,0,
arxiv_2608.17511v1,two_arabic,two,arabic,20,revtex4-2,physics.soc-ph,2026-08-18,30,base_small,BASE-small,1,0.769,0.667,0.714,0.685,1.0,20,20,30,0.769,0.667,0.714,0.685,,,,,,,,,,,,,,,,,,,,,,,,,,,,,,,,,30,26,,26
arxiv_2608.17511v1,two_arabic,two,arabic,20,revtex4-2,physics.soc-ph,2026-08-18,30,base_big,BASE-big,1,0.786,0.733,0.759,0.743,1.0,22,22,30,0.786,0.733,0.759,0.743,,,,,,,,,,,,,,,,,,,,,,,,,,,,,,,,,30,28,,28
arxiv_2608.20765v1,two_arabic,two,arabic,18,revtex4-2,physics.bio-ph,2026-08-21,12,ours,OURS,0,0.533,0.667,0.593,0.635,1.0,8,8,12,0.533,0.667,0.593,0.635,1.0,True,8,0.875,1.0,0.933,0.972,1.0,14,16,0.846,0.44,0.579,0.487,25,0.9028724857949009,0.8925363120008735,0.8881,0.6666666666666666,0.6019149905299339,12,14,8,0.682,0.088,0.165,0.001,0.064,52221,16629,,,12,15,2,
arxiv_2608.20765v1,two_arabic,two,arabic,18,revtex4-2,physics.bio-ph,2026-08-21,12,ceiling,CEILING,0,1.0,0.667,0.8,0.714,,,,,1.0,0.667,0.8,0.714,,,,,,,,,,,,,,,,,,,,,,,,,,,,,,,0.8594,12,12,8,,
arxiv_2608.20765v1,two_arabic,two,arabic,18,revtex4-2,physics.bio-ph,2026-08-21,12,ladder0,LADDER-0,0,0.5,0.583,0.538,0.565,1.0,7,7,12,0.5,0.583,0.538,0.565,,,,,,,,,,,,,,,,,,,,,,,,,,,,,,,,,12,14,0,
arxiv_2608.20765v1,two_arabic,two,arabic,18,revtex4-2,physics.bio-ph,2026-08-21,12,ladder1,LADDER-1,0,0.5,0.583,0.538,0.565,1.0,7,7,12,0.5,0.583,0.538,0.565,,,,,,,,,,,,,,,,,,,,,,,,,,,,,,,,,12,14,1,
arxiv_2608.20765v1,two_arabic,two,arabic,18,revtex4-2,physics.bio-ph,2026-08-21,12,ladder2,LADDER-2,0,0.5,0.583,0.538,0.565,1.0,7,7,12,0.5,0.583,0.538,0.565,,,,,,,,,,,,,,,,,,,,,,,,,,,,,,,,,12,14,2,
arxiv_2608.20765v1,two_arabic,two,arabic,18,revtex4-2,physics.bio-ph,2026-08-21,12,base_small,BASE-small,1,0.467,0.583,0.519,0.556,0.571,7,4,12,0.267,0.333,0.296,0.317,,,,,,,,,,,,,,,,,,,,,,,,,,,,,,,,,12,15,,15
arxiv_2608.20765v1,two_arabic,two,arabic,18,revtex4-2,physics.bio-ph,2026-08-21,12,base_big,BASE-big,1,0.438,0.583,0.5,0.547,1.0,7,7,12,0.438,0.583,0.5,0.547,,,,,,,,,,,,,,,,,,,,,,,,,,,,,,,,,12,16,,16
arxiv_2608.21731v1,two_arabic,two,arabic,18,article,cs.NI,2026-08-22,35,ours,OURS,0,0.839,0.743,0.788,0.76,1.0,26,26,35,0.742,0.657,0.697,0.673,1.0,True,23,0.857,0.667,0.75,0.698,1.0,18,14,0.353,0.353,0.353,0.353,17,0.9291874206660782,0.9367956073033722,0.9434,0.7666666666666667,0.7123770225106599,30,28,23,0.651,0.221,0.077,0.0,0.052,69268,24209,,,35,31,0,
arxiv_2608.21731v1,two_arabic,two,arabic,18,article,cs.NI,2026-08-22,35,ceiling,CEILING,0,1.0,0.743,0.852,0.783,,,,,0.885,0.657,0.754,0.693,,,,,,,,,,,,,,,,,,,,,,,,,,,,,,,0.9425,31,35,26,,
arxiv_2608.21731v1,two_arabic,two,arabic,18,article,cs.NI,2026-08-22,35,ladder0,LADDER-0,0,0.893,0.714,0.794,0.744,1.0,25,25,35,0.786,0.629,0.698,0.655,,,,,,,,,,,,,,,,,,,,,,,,,,,,,,,,,35,28,0,
arxiv_2608.21731v1,two_arabic,two,arabic,18,article,cs.NI,2026-08-22,35,ladder1,LADDER-1,0,0.893,0.714,0.794,0.744,1.0,25,25,35,0.786,0.629,0.698,0.655,,,,,,,,,,,,,,,,,,,,,,,,,,,,,,,,,35,28,0,
arxiv_2608.21731v1,two_arabic,two,arabic,18,article,cs.NI,2026-08-22,35,ladder2,LADDER-2,0,0.893,0.714,0.794,0.744,1.0,25,25,35,0.786,0.629,0.698,0.655,,,,,,,,,,,,,,,,,,,,,,,,,,,,,,,,,35,28,0,
arxiv_2608.21731v1,two_arabic,two,arabic,18,article,cs.NI,2026-08-22,35,base_small,BASE-small,1,0.897,0.743,0.812,0.769,0.808,26,21,35,0.724,0.6,0.656,0.621,,,,,,,,,,,,,,,,,,,,,,,,,,,,,,,,,35,29,,29
arxiv_2608.21731v1,two_arabic,two,arabic,18,article,cs.NI,2026-08-22,35,base_big,BASE-big,1,0.875,0.8,0.836,0.814,1.0,28,28,35,0.75,0.686,0.716,0.698,,,,,,,,,,,,,,,,,,,,,,,,,,,,,,,,,35,32,,32
arxiv_2608.21791v1,two_arabic,two,arabic,15,revtex4-2,cond-mat.stat-mech,2026-08-22,14,ours,OURS,0,0.692,0.643,0.667,0.652,1.0,9,9,14,0.154,0.143,0.148,0.145,1.0,True,9,0.75,1.0,0.857,0.938,1.0,9,12,0.5,0.286,0.364,0.312,7,0.9319972340991769,0.9401407185099254,0.9457,0.8181818181818182,0.7625431915356902,11,11,9,0.379,0.178,0.087,0.001,0.356,47147,29286,,,14,13,2,
arxiv_2608.21791v1,two_arabic,two,arabic,15,revtex4-2,cond-mat.stat-mech,2026-08-22,14,ceiling,CEILING,0,1.0,0.643,0.783,0.692,,,,,0.222,0.143,0.174,0.154,,,,,,,,,,,,,,,,,,,,,,,,,,,,,,,0.9518,11,14,9,,
arxiv_2608.21791v1,two_arabic,two,arabic,15,revtex4-2,cond-mat.stat-mech,2026-08-22,14,ladder0,LADDER-0,0,0.615,0.571,0.593,0.58,0.125,8,1,14,0.077,0.071,0.074,0.072,,,,,,,,,,,,,,,,,,,,,,,,,,,,,,,,,14,13,0,
arxiv_2608.21791v1,two_arabic,two,arabic,15,revtex4-2,cond-mat.stat-mech,2026-08-22,14,ladder1,LADDER-1,0,0.615,0.571,0.593,0.58,1.0,8,8,14,0.077,0.071,0.074,0.072,,,,,,,,,,,,,,,,,,,,,,,,,,,,,,,,,14,13,1,
arxiv_2608.21791v1,two_arabic,two,arabic,15,revtex4-2,cond-mat.stat-mech,2026-08-22,14,ladder2,LADDER-2,0,0.615,0.571,0.593,0.58,1.0,8,8,14,0.077,0.071,0.074,0.072,,,,,,,,,,,,,,,,,,,,,,,,,,,,,,,,,14,13,2,
arxiv_2608.21791v1,two_arabic,two,arabic,15,revtex4-2,cond-mat.stat-mech,2026-08-22,14,base_small,BASE-small,1,0.579,0.786,0.667,0.733,1.0,11,11,14,0.579,0.786,0.667,0.733,,,,,,,,,,,,,,,,,,,,,,,,,,,,,,,,,14,19,,19
arxiv_2608.21791v1,two_arabic,two,arabic,15,revtex4-2,cond-mat.stat-mech,2026-08-22,14,base_big,BASE-big,1,0.389,0.5,0.438,0.473,1.0,7,7,14,0.0,0.0,0.0,0.0,,,,,,,,,,,,,,,,,,,,,,,,,,,,,,,,,14,18,,18
arxiv_2608.22673v1,two_arabic,two,arabic,10,revtex4-1,cond-mat.soft,2026-08-24,8,ours,OURS,0,0.875,0.875,0.875,0.875,1.0,7,7,8,0.875,0.875,0.875,0.875,1.0,True,7,1.0,1.0,1.0,1.0,1.0,6,6,1.0,1.0,1.0,1.0,7,0.9211529300858885,0.9140385924292467,0.9117,1.0,0.9211529300858885,7,8,7,0.728,0.05,0.12,0.001,0.101,32006,8704,,,8,8,2,
arxiv_2608.22673v1,two_arabic,two,arabic,10,revtex4-1,cond-mat.soft,2026-08-24,8,ceiling,CEILING,0,1.0,0.875,0.933,0.897,,,,,1.0,0.875,0.933,0.897,,,,,,,,,,,,,,,,,,,,,,,,,,,,,,,0.9646,7,8,7,,
arxiv_2608.22673v1,two_arabic,two,arabic,10,revtex4-1,cond-mat.soft,2026-08-24,8,ladder0,LADDER-0,0,0.857,0.75,0.8,0.769,1.0,6,6,8,0.857,0.75,0.8,0.769,,,,,,,,,,,,,,,,,,,,,,,,,,,,,,,,,8,7,0,
arxiv_2608.22673v1,two_arabic,two,arabic,10,revtex4-1,cond-mat.soft,2026-08-24,8,ladder1,LADDER-1,0,0.857,0.75,0.8,0.769,1.0,6,6,8,0.857,0.75,0.8,0.769,,,,,,,,,,,,,,,,,,,,,,,,,,,,,,,,,8,7,1,
arxiv_2608.22673v1,two_arabic,two,arabic,10,revtex4-1,cond-mat.soft,2026-08-24,8,ladder2,LADDER-2,0,0.857,0.75,0.8,0.769,1.0,6,6,8,0.857,0.75,0.8,0.769,,,,,,,,,,,,,,,,,,,,,,,,,,,,,,,,,8,7,2,
arxiv_2608.22673v1,two_arabic,two,arabic,10,revtex4-1,cond-mat.soft,2026-08-24,8,base_small,BASE-small,1,0.857,0.75,0.8,0.769,1.0,6,6,8,0.857,0.75,0.8,0.769,,,,,,,,,,,,,,,,,,,,,,,,,,,,,,,,,8,7,,7
arxiv_2608.22673v1,two_arabic,two,arabic,10,revtex4-1,cond-mat.soft,2026-08-24,8,base_big,BASE-big,1,0.857,0.75,0.8,0.769,1.0,6,6,8,0.857,0.75,0.8,0.769,,,,,,,,,,,,,,,,,,,,,,,,,,,,,,,,,8,7,,7
arxiv_2608.23317v1,two_arabic,two,arabic,16,acmart_modified,cs.LG,2026-08-24,26,ours,OURS,0,0.769,0.769,0.769,0.769,1.0,20,20,26,0.731,0.731,0.731,0.731,1.0,True,20,0.833,0.833,0.833,0.833,1.0,18,18,0.867,0.839,0.852,0.844,31,0.935264914691732,0.9496743108981276,0.9641,0.7692307692307693,0.7194345497628708,26,26,20,0.517,0.13,0.218,0.022,0.113,59957,28988,,,26,26,0,
arxiv_2608.23317v1,two_arabic,two,arabic,16,acmart_modified,cs.LG,2026-08-24,26,ceiling,CEILING,0,1.0,0.769,0.87,0.806,,,,,1.0,0.769,0.87,0.806,,,,,,,,,,,,,,,,,,,,,,,,,,,,,,,0.9617,26,26,20,,
arxiv_2608.23317v1,two_arabic,two,arabic,16,acmart_modified,cs.LG,2026-08-24,26,ladder0,LADDER-0,0,0.87,0.769,0.816,0.787,1.0,20,20,26,0.826,0.731,0.776,0.748,,,,,,,,,,,,,,,,,,,,,,,,,,,,,,,,,26,23,0,
arxiv_2608.23317v1,two_arabic,two,arabic,16,acmart_modified,cs.LG,2026-08-24,26,ladder1,LADDER-1,0,0.87,0.769,0.816,0.787,1.0,20,20,26,0.826,0.731,0.776,0.748,,,,,,,,,,,,,,,,,,,,,,,,,,,,,,,,,26,23,0,
arxiv_2608.23317v1,two_arabic,two,arabic,16,acmart_modified,cs.LG,2026-08-24,26,ladder2,LADDER-2,0,0.87,0.769,0.816,0.787,1.0,20,20,26,0.826,0.731,0.776,0.748,,,,,,,,,,,,,,,,,,,,,,,,,,,,,,,,,26,23,0,
arxiv_2608.23317v1,two_arabic,two,arabic,16,acmart_modified,cs.LG,2026-08-24,26,base_small,BASE-small,1,0.875,0.808,0.84,0.82,1.0,21,21,26,0.833,0.769,0.8,0.781,,,,,,,,,,,,,,,,,,,,,,,,,,,,,,,,,26,24,,24
arxiv_2608.23317v1,two_arabic,two,arabic,16,acmart_modified,cs.LG,2026-08-24,26,base_big,BASE-big,1,0.917,0.846,0.88,0.859,1.0,22,22,26,0.875,0.808,0.84,0.82,,,,,,,,,,,,,,,,,,,,,,,,,,,,,,,,,26,24,,24
arxiv_2608.23374v1,two_arabic,two,arabic,5,acmart,cs.CY,2026-08-24,14,ours,OURS,0,1.0,0.929,0.963,0.942,1.0,13,13,14,1.0,0.929,0.963,0.942,1.0,True,12,1.0,1.0,1.0,1.0,1.0,1,1,1.0,1.0,1.0,1.0,1,0.9485517472543593,0.9526888338276648,0.9592,1.0,0.9485517472543593,12,12,12,0.855,0.088,0.002,0.014,0.041,22337,3243,,,14,13,0,
arxiv_2608.23374v1,two_arabic,two,arabic,5,acmart,cs.CY,2026-08-24,14,ceiling,CEILING,0,1.0,0.929,0.963,0.942,,,,,1.0,0.929,0.963,0.942,,,,,,,,,,,,,,,,,,,,,,,,,,,,,,,0.9803,12,14,13,,
arxiv_2608.23374v1,two_arabic,two,arabic,5,acmart,cs.CY,2026-08-24,14,ladder0,LADDER-0,0,1.0,0.857,0.923,0.882,1.0,12,12,14,1.0,0.857,0.923,0.882,,,,,,,,,,,,,,,,,,,,,,,,,,,,,,,,,14,12,0,
arxiv_2608.23374v1,two_arabic,two,arabic,5,acmart,cs.CY,2026-08-24,14,ladder1,LADDER-1,0,1.0,0.857,0.923,0.882,1.0,12,12,14,1.0,0.857,0.923,0.882,,,,,,,,,,,,,,,,,,,,,,,,,,,,,,,,,14,12,0,
arxiv_2608.23374v1,two_arabic,two,arabic,5,acmart,cs.CY,2026-08-24,14,ladder2,LADDER-2,0,1.0,0.857,0.923,0.882,1.0,12,12,14,1.0,0.857,0.923,0.882,,,,,,,,,,,,,,,,,,,,,,,,,,,,,,,,,14,12,0,
arxiv_2608.23374v1,two_arabic,two,arabic,5,acmart,cs.CY,2026-08-24,14,base_small,BASE-small,1,1.0,0.929,0.963,0.942,1.0,13,13,14,1.0,0.929,0.963,0.942,,,,,,,,,,,,,,,,,,,,,,,,,,,,,,,,,14,13,,13
arxiv_2608.23374v1,two_arabic,two,arabic,5,acmart,cs.CY,2026-08-24,14,base_big,BASE-big,1,1.0,0.929,0.963,0.942,1.0,13,13,14,1.0,0.929,0.963,0.942,,,,,,,,,,,,,,,,,,,,,,,,,,,,,,,,,14,13,,13
arxiv_2608.23498v1,two_arabic,two,arabic,18,aastex701,astro-ph.GA,2026-08-24,13,ours,OURS,0,0.765,1.0,0.867,0.942,1.0,13,13,13,0.765,1.0,0.867,0.942,1.0,True,11,1.0,1.0,1.0,1.0,1.0,9,9,1.0,0.846,0.917,0.873,13,0.888347141342202,0.904738283166683,0.9173,1.0,0.888347141342202,12,16,12,0.691,0.147,0.096,0.002,0.064,60793,18800,,,13,17,0,
arxiv_2608.23498v1,two_arabic,two,arabic,18,aastex701,astro-ph.GA,2026-08-24,13,ceiling,CEILING,0,1.0,1.0,1.0,1.0,,,,,1.0,1.0,1.0,1.0,,,,,,,,,,,,,,,,,,,,,,,,,,,,,,,0.942,12,13,13,,
arxiv_2608.23498v1,two_arabic,two,arabic,18,aastex701,astro-ph.GA,2026-08-24,13,ladder0,LADDER-0,0,1.0,0.846,0.917,0.873,1.0,11,11,13,1.0,0.846,0.917,0.873,,,,,,,,,,,,,,,,,,,,,,,,,,,,,,,,,13,11,0,
arxiv_2608.23498v1,two_arabic,two,arabic,18,aastex701,astro-ph.GA,2026-08-24,13,ladder1,LADDER-1,0,1.0,0.846,0.917,0.873,1.0,11,11,13,1.0,0.846,0.917,0.873,,,,,,,,,,,,,,,,,,,,,,,,,,,,,,,,,13,11,0,
arxiv_2608.23498v1,two_arabic,two,arabic,18,aastex701,astro-ph.GA,2026-08-24,13,ladder2,LADDER-2,0,1.0,0.846,0.917,0.873,1.0,11,11,13,1.0,0.846,0.917,0.873,,,,,,,,,,,,,,,,,,,,,,,,,,,,,,,,,13,11,0,
arxiv_2608.23498v1,two_arabic,two,arabic,18,aastex701,astro-ph.GA,2026-08-24,13,base_small,BASE-small,1,0.786,0.846,0.815,0.833,1.0,11,11,13,0.786,0.846,0.815,0.833,,,,,,,,,,,,,,,,,,,,,,,,,,,,,,,,,13,14,,14
arxiv_2608.23498v1,two_arabic,two,arabic,18,aastex701,astro-ph.GA,2026-08-24,13,base_big,BASE-big,1,0.857,0.923,0.889,0.909,1.0,12,12,13,0.857,0.923,0.889,0.909,,,,,,,,,,,,,,,,,,,,,,,,,,,,,,,,,13,14,,14
arxiv_2608.08825v1,two_roman,two,roman,8,ieeetran,q-fin.ST,2026-08-09,41,ours,OURS,0,0.903,0.683,0.778,0.718,1.0,27,27,41,0.806,0.61,0.694,0.641,0.983,False,22,1.0,1.0,1.0,1.0,1.0,9,9,0.667,0.25,0.364,0.286,8,0.6865624660819551,0.7362664388531333,0.8079,0.6285714285714286,0.43155355010865754,35,27,22,0.661,0.078,0.157,0.012,0.092,27180,9220,,,41,31,0,
arxiv_2608.08825v1,two_roman,two,roman,8,ieeetran,q-fin.ST,2026-08-09,41,ceiling,CEILING,0,1.0,0.683,0.812,0.729,,,,,1.0,0.683,0.812,0.729,,,,,,,,,,,,,,,,,,,,,,,,,,,,,,,0.9457,35,41,28,,
arxiv_2608.08825v1,two_roman,two,roman,8,ieeetran,q-fin.ST,2026-08-09,41,ladder0,LADDER-0,0,0.967,0.707,0.817,0.747,1.0,29,29,41,0.967,0.707,0.817,0.747,,,,,,,,,,,,,,,,,,,,,,,,,,,,,,,,,41,30,0,
arxiv_2608.08825v1,two_roman,two,roman,8,ieeetran,q-fin.ST,2026-08-09,41,ladder1,LADDER-1,0,0.967,0.707,0.817,0.747,1.0,29,29,41,0.967,0.707,0.817,0.747,,,,,,,,,,,,,,,,,,,,,,,,,,,,,,,,,41,30,0,
arxiv_2608.08825v1,two_roman,two,roman,8,ieeetran,q-fin.ST,2026-08-09,41,ladder2,LADDER-2,0,0.967,0.707,0.817,0.747,1.0,29,29,41,0.967,0.707,0.817,0.747,,,,,,,,,,,,,,,,,,,,,,,,,,,,,,,,,41,30,0,
arxiv_2608.08825v1,two_roman,two,roman,8,ieeetran,q-fin.ST,2026-08-09,41,base_small,BASE-small,1,0.969,0.756,0.849,0.791,1.0,31,31,41,0.969,0.756,0.849,0.791,,,,,,,,,,,,,,,,,,,,,,,,,,,,,,,,,41,32,,32
arxiv_2608.08825v1,two_roman,two,roman,8,ieeetran,q-fin.ST,2026-08-09,41,base_big,BASE-big,1,0.97,0.78,0.865,0.812,1.0,32,32,41,0.97,0.78,0.865,0.812,,,,,,,,,,,,,,,,,,,,,,,,,,,,,,,,,41,33,,33
arxiv_2608.10641v1,two_roman,two,roman,11,ieeeconf,q-bio.PE,2026-08-11,18,ours,OURS,0,1.0,0.889,0.941,0.909,1.0,16,16,18,1.0,0.889,0.941,0.909,1.0,True,16,1.0,1.0,1.0,1.0,1.0,4,4,1.0,0.5,0.667,0.556,4,0.6308902542103108,0.682491480876352,0.7773,0.8888888888888888,0.5607913370758317,18,16,16,0.789,0.077,0.034,0.001,0.1,37373,7898,,,18,16,0,
arxiv_2608.10641v1,two_roman,two,roman,11,ieeeconf,q-bio.PE,2026-08-11,18,ceiling,CEILING,0,1.0,0.889,0.941,0.909,,,,,1.0,0.889,0.941,0.909,,,,,,,,,,,,,,,,,,,,,,,,,,,,,,,0.7908,17,18,16,,
arxiv_2608.10641v1,two_roman,two,roman,11,ieeeconf,q-bio.PE,2026-08-11,18,ladder0,LADDER-0,0,0.938,0.833,0.882,0.852,1.0,15,15,18,0.938,0.833,0.882,0.852,,,,,,,,,,,,,,,,,,,,,,,,,,,,,,,,,18,16,0,
arxiv_2608.10641v1,two_roman,two,roman,11,ieeeconf,q-bio.PE,2026-08-11,18,ladder1,LADDER-1,0,0.938,0.833,0.882,0.852,1.0,15,15,18,0.938,0.833,0.882,0.852,,,,,,,,,,,,,,,,,,,,,,,,,,,,,,,,,18,16,0,
arxiv_2608.10641v1,two_roman,two,roman,11,ieeeconf,q-bio.PE,2026-08-11,18,ladder2,LADDER-2,0,0.938,0.833,0.882,0.852,1.0,15,15,18,0.938,0.833,0.882,0.852,,,,,,,,,,,,,,,,,,,,,,,,,,,,,,,,,18,16,0,
arxiv_2608.10641v1,two_roman,two,roman,11,ieeeconf,q-bio.PE,2026-08-11,18,base_small,BASE-small,1,0.867,0.722,0.788,0.747,1.0,12,12,18,0.8,0.667,0.727,0.69,,,,,,,,,,,,,,,,,,,,,,,,,,,,,,,,,18,15,,15
arxiv_2608.10641v1,two_roman,two,roman,11,ieeeconf,q-bio.PE,2026-08-11,18,base_big,BASE-big,1,0.941,0.889,0.914,0.899,1.0,16,16,18,0.941,0.889,0.914,0.899,,,,,,,,,,,,,,,,,,,,,,,,,,,,,,,,,18,17,,17
arxiv_2608.18238v1,two_roman,two,roman,10,ieeetran,q-bio.QM,2026-08-18,36,ours,OURS,0,0.897,0.722,0.8,0.751,1.0,26,26,36,0.862,0.694,0.769,0.723,1.0,True,24,0.5,1.0,0.667,0.833,0.571,7,15,1.0,0.5,0.667,0.556,4,0.818206775603891,0.8184417455575321,0.8782,0.7272727272727273,0.5950594731664662,33,26,24,0.759,0.064,0.091,0.001,0.085,35696,8608,,,36,29,2,
arxiv_2608.18238v1,two_roman,two,roman,10,ieeetran,q-bio.QM,2026-08-18,36,ceiling,CEILING,0,1.0,0.722,0.839,0.765,,,,,1.0,0.722,0.839,0.765,,,,,,,,,,,,,,,,,,,,,,,,,,,,,,,0.9649,33,36,26,,
arxiv_2608.18238v1,two_roman,two,roman,10,ieeetran,q-bio.QM,2026-08-18,36,ladder0,LADDER-0,0,0.897,0.722,0.8,0.751,0.269,26,7,36,0.241,0.194,0.215,0.202,,,,,,,,,,,,,,,,,,,,,,,,,,,,,,,,,36,29,0,
arxiv_2608.18238v1,two_roman,two,roman,10,ieeetran,q-bio.QM,2026-08-18,36,ladder1,LADDER-1,0,0.897,0.722,0.8,0.751,1.0,26,26,36,0.862,0.694,0.769,0.723,,,,,,,,,,,,,,,,,,,,,,,,,,,,,,,,,36,29,1,
arxiv_2608.18238v1,two_roman,two,roman,10,ieeetran,q-bio.QM,2026-08-18,36,ladder2,LADDER-2,0,0.897,0.722,0.8,0.751,1.0,26,26,36,0.862,0.694,0.769,0.723,,,,,,,,,,,,,,,,,,,,,,,,,,,,,,,,,36,29,2,
arxiv_2608.18238v1,two_roman,two,roman,10,ieeetran,q-bio.QM,2026-08-18,36,base_small,BASE-small,1,1.0,0.75,0.857,0.789,0.926,27,25,36,0.926,0.694,0.794,0.731,,,,,,,,,,,,,,,,,,,,,,,,,,,,,,,,,36,27,,27
arxiv_2608.18238v1,two_roman,two,roman,10,ieeetran,q-bio.QM,2026-08-18,36,base_big,BASE-big,1,1.0,0.778,0.875,0.814,1.0,28,28,36,1.0,0.778,0.875,0.814,,,,,,,,,,,,,,,,,,,,,,,,,,,,,,,,,36,28,,28
arxiv_2608.18569v1,two_roman,two,roman,7,ieeetran,q-bio.NC,2026-08-19,26,ours,OURS,0,1.0,0.808,0.894,0.84,1.0,21,21,26,1.0,0.808,0.894,0.84,1.0,True,20,0.3,0.6,0.4,0.5,1.0,5,10,0.25,1.0,0.4,0.625,1,0.84321324924158,0.8662202992026671,0.8965,0.8,0.674570599393264,25,20,20,0.699,0.153,0.075,0.004,0.07,27806,8374,,,26,21,2,
arxiv_2608.18569v1,two_roman,two,roman,7,ieeetran,q-bio.NC,2026-08-19,26,ceiling,CEILING,0,1.0,0.808,0.894,0.84,,,,,1.0,0.808,0.894,0.84,,,,,,,,,,,,,,,,,,,,,,,,,,,,,,,0.9539,25,26,21,,
arxiv_2608.18569v1,two_roman,two,roman,7,ieeetran,q-bio.NC,2026-08-19,26,ladder0,LADDER-0,0,0.952,0.769,0.851,0.8,0.35,20,7,26,0.333,0.269,0.298,0.28,,,,,,,,,,,,,,,,,,,,,,,,,,,,,,,,,26,21,0,
arxiv_2608.18569v1,two_roman,two,roman,7,ieeetran,q-bio.NC,2026-08-19,26,ladder1,LADDER-1,0,0.952,0.769,0.851,0.8,1.0,20,20,26,0.952,0.769,0.851,0.8,,,,,,,,,,,,,,,,,,,,,,,,,,,,,,,,,26,21,1,
arxiv_2608.18569v1,two_roman,two,roman,7,ieeetran,q-bio.NC,2026-08-19,26,ladder2,LADDER-2,0,0.952,0.769,0.851,0.8,1.0,20,20,26,0.952,0.769,0.851,0.8,,,,,,,,,,,,,,,,,,,,,,,,,,,,,,,,,26,21,2,
arxiv_2608.18569v1,two_roman,two,roman,7,ieeetran,q-bio.NC,2026-08-19,26,base_small,BASE-small,1,0.952,0.769,0.851,0.8,1.0,20,20,26,0.952,0.769,0.851,0.8,,,,,,,,,,,,,,,,,,,,,,,,,,,,,,,,,26,21,,21
arxiv_2608.18569v1,two_roman,two,roman,7,ieeetran,q-bio.NC,2026-08-19,26,base_big,BASE-big,1,0.929,1.0,0.963,0.985,1.0,26,26,26,0.929,1.0,0.963,0.985,,,,,,,,,,,,,,,,,,,,,,,,,,,,,,,,,26,28,,28
arxiv_2608.20112v1,two_roman,two,roman,10,ieeetran,physics.med-ph,2026-08-20,18,ours,OURS,0,1.0,0.778,0.875,0.814,1.0,14,14,18,1.0,0.778,0.875,0.814,1.0,True,13,0.8,1.0,0.889,0.952,1.0,8,10,1.0,0.917,0.957,0.932,12,0.8789012695078237,0.8870405067939744,0.9159,0.8125,0.7141072814751067,16,13,13,0.634,0.176,0.077,0.001,0.112,35040,12812,,,18,14,0,
arxiv_2608.20112v1,two_roman,two,roman,10,ieeetran,physics.med-ph,2026-08-20,18,ceiling,CEILING,0,1.0,0.778,0.875,0.814,,,,,1.0,0.778,0.875,0.814,,,,,,,,,,,,,,,,,,,,,,,,,,,,,,,0.9347,16,18,14,,
arxiv_2608.20112v1,two_roman,two,roman,10,ieeetran,physics.med-ph,2026-08-20,18,ladder0,LADDER-0,0,1.0,0.778,0.875,0.814,1.0,14,14,18,1.0,0.778,0.875,0.814,,,,,,,,,,,,,,,,,,,,,,,,,,,,,,,,,18,14,0,
arxiv_2608.20112v1,two_roman,two,roman,10,ieeetran,physics.med-ph,2026-08-20,18,ladder1,LADDER-1,0,1.0,0.778,0.875,0.814,1.0,14,14,18,1.0,0.778,0.875,0.814,,,,,,,,,,,,,,,,,,,,,,,,,,,,,,,,,18,14,0,
arxiv_2608.20112v1,two_roman,two,roman,10,ieeetran,physics.med-ph,2026-08-20,18,ladder2,LADDER-2,0,1.0,0.778,0.875,0.814,1.0,14,14,18,1.0,0.778,0.875,0.814,,,,,,,,,,,,,,,,,,,,,,,,,,,,,,,,,18,14,0,
arxiv_2608.20112v1,two_roman,two,roman,10,ieeetran,physics.med-ph,2026-08-20,18,base_small,BASE-small,1,0.941,0.889,0.914,0.899,1.0,16,16,18,0.941,0.889,0.914,0.899,,,,,,,,,,,,,,,,,,,,,,,,,,,,,,,,,18,17,,17
arxiv_2608.20112v1,two_roman,two,roman,10,ieeetran,physics.med-ph,2026-08-20,18,base_big,BASE-big,1,0.944,0.944,0.944,0.944,1.0,17,17,18,0.944,0.944,0.944,0.944,,,,,,,,,,,,,,,,,,,,,,,,,,,,,,,,,18,18,,18
arxiv_2608.21130v1,two_roman,two,roman,6,ieeetran,econ.GN,2026-08-21,16,ours,OURS,0,1.0,0.938,0.968,0.949,1.0,15,15,16,1.0,0.938,0.968,0.949,1.0,True,14,0.7,1.0,0.824,0.921,0.714,7,11,1.0,0.778,0.875,0.814,9,0.9056837318343648,0.9052024249666657,0.9057,0.9333333333333333,0.8453048163787406,15,14,14,0.767,0.058,0.096,0.002,0.079,19492,4551,,,16,15,0,
arxiv_2608.21130v1,two_roman,two,roman,6,ieeetran,econ.GN,2026-08-21,16,ceiling,CEILING,0,1.0,0.938,0.968,0.949,,,,,1.0,0.938,0.968,0.949,,,,,,,,,,,,,,,,,,,,,,,,,,,,,,,0.9251,15,16,15,,
arxiv_2608.21130v1,two_roman,two,roman,6,ieeetran,econ.GN,2026-08-21,16,ladder0,LADDER-0,0,1.0,0.938,0.968,0.949,1.0,15,15,16,1.0,0.938,0.968,0.949,,,,,,,,,,,,,,,,,,,,,,,,,,,,,,,,,16,15,0,
arxiv_2608.21130v1,two_roman,two,roman,6,ieeetran,econ.GN,2026-08-21,16,ladder1,LADDER-1,0,1.0,0.938,0.968,0.949,1.0,15,15,16,1.0,0.938,0.968,0.949,,,,,,,,,,,,,,,,,,,,,,,,,,,,,,,,,16,15,0,
arxiv_2608.21130v1,two_roman,two,roman,6,ieeetran,econ.GN,2026-08-21,16,ladder2,LADDER-2,0,1.0,0.938,0.968,0.949,1.0,15,15,16,1.0,0.938,0.968,0.949,,,,,,,,,,,,,,,,,,,,,,,,,,,,,,,,,16,15,0,
arxiv_2608.21130v1,two_roman,two,roman,6,ieeetran,econ.GN,2026-08-21,16,base_small,BASE-small,1,1.0,0.938,0.968,0.949,1.0,15,15,16,1.0,0.938,0.968,0.949,,,,,,,,,,,,,,,,,,,,,,,,,,,,,,,,,16,15,,15
arxiv_2608.21130v1,two_roman,two,roman,6,ieeetran,econ.GN,2026-08-21,16,base_big,BASE-big,1,0.941,1.0,0.97,0.988,1.0,16,16,16,0.941,1.0,0.97,0.988,,,,,,,,,,,,,,,,,,,,,,,,,,,,,,,,,16,17,,17
arxiv_2608.21537v1,two_roman,two,roman,10,ieeetran,cs.CY,2026-08-21,37,ours,OURS,0,1.0,0.973,0.986,0.978,1.0,36,36,37,0.944,0.919,0.932,0.924,1.0,True,34,0.684,1.0,0.813,0.915,0.385,13,21,1.0,0.222,0.364,0.263,9,0.9500198993821303,0.9516397652755432,0.9558,0.9714285714285714,0.922876473685498,35,34,34,0.764,0.105,0.071,0.001,0.058,43656,10300,,,37,36,0,
arxiv_2608.21537v1,two_roman,two,roman,10,ieeetran,cs.CY,2026-08-21,37,ceiling,CEILING,0,1.0,0.973,0.986,0.978,,,,,0.944,0.919,0.932,0.924,,,,,,,,,,,,,,,,,,,,,,,,,,,,,,,0.9858,35,37,36,,
arxiv_2608.21537v1,two_roman,two,roman,10,ieeetran,cs.CY,2026-08-21,37,ladder0,LADDER-0,0,0.973,0.973,0.973,0.973,1.0,36,36,37,0.973,0.973,0.973,0.973,,,,,,,,,,,,,,,,,,,,,,,,,,,,,,,,,37,37,0,
arxiv_2608.21537v1,two_roman,two,roman,10,ieeetran,cs.CY,2026-08-21,37,ladder1,LADDER-1,0,0.973,0.973,0.973,0.973,1.0,36,36,37,0.973,0.973,0.973,0.973,,,,,,,,,,,,,,,,,,,,,,,,,,,,,,,,,37,37,0,
arxiv_2608.21537v1,two_roman,two,roman,10,ieeetran,cs.CY,2026-08-21,37,ladder2,LADDER-2,0,0.973,0.973,0.973,0.973,1.0,36,36,37,0.973,0.973,0.973,0.973,,,,,,,,,,,,,,,,,,,,,,,,,,,,,,,,,37,37,0,
arxiv_2608.21537v1,two_roman,two,roman,10,ieeetran,cs.CY,2026-08-21,37,base_small,BASE-small,1,1.0,0.973,0.986,0.978,1.0,36,36,37,1.0,0.973,0.986,0.978,,,,,,,,,,,,,,,,,,,,,,,,,,,,,,,,,37,36,,36
arxiv_2608.21537v1,two_roman,two,roman,10,ieeetran,cs.CY,2026-08-21,37,base_big,BASE-big,1,1.0,0.973,0.986,0.978,1.0,36,36,37,1.0,0.973,0.986,0.978,,,,,,,,,,,,,,,,,,,,,,,,,,,,,,,,,37,36,,36
arxiv_2608.21866v1,two_roman,two,roman,6,ieeetran,cs.NI,2026-08-22,16,ours,OURS,0,0.929,0.812,0.867,0.833,1.0,13,13,16,0.929,0.812,0.867,0.833,1.0,True,13,0.75,1.0,0.857,0.938,0.667,3,5,1.0,0.667,0.8,0.714,3,0.8718775016062783,0.85216856294953,0.8422,0.8666666666666667,0.7556271680587745,15,14,13,0.766,0.078,0.026,0.001,0.129,24984,5834,,,16,14,2,
arxiv_2608.21866v1,two_roman,two,roman,6,ieeetran,cs.NI,2026-08-22,16,ceiling,CEILING,0,1.0,0.812,0.897,0.844,,,,,1.0,0.812,0.897,0.844,,,,,,,,,,,,,,,,,,,,,,,,,,,,,,,0.8694,15,16,13,,
arxiv_2608.21866v1,two_roman,two,roman,6,ieeetran,cs.NI,2026-08-22,16,ladder0,LADDER-0,0,0.929,0.812,0.867,0.833,0.462,13,6,16,0.429,0.375,0.4,0.385,,,,,,,,,,,,,,,,,,,,,,,,,,,,,,,,,16,14,0,
arxiv_2608.21866v1,two_roman,two,roman,6,ieeetran,cs.NI,2026-08-22,16,ladder1,LADDER-1,0,0.929,0.812,0.867,0.833,1.0,13,13,16,0.929,0.812,0.867,0.833,,,,,,,,,,,,,,,,,,,,,,,,,,,,,,,,,16,14,1,
arxiv_2608.21866v1,two_roman,two,roman,6,ieeetran,cs.NI,2026-08-22,16,ladder2,LADDER-2,0,0.929,0.812,0.867,0.833,1.0,13,13,16,0.929,0.812,0.867,0.833,,,,,,,,,,,,,,,,,,,,,,,,,,,,,,,,,16,14,2,
arxiv_2608.21866v1,two_roman,two,roman,6,ieeetran,cs.NI,2026-08-22,16,base_small,BASE-small,1,0.929,0.812,0.867,0.833,1.0,13,13,16,0.929,0.812,0.867,0.833,,,,,,,,,,,,,,,,,,,,,,,,,,,,,,,,,16,14,,14
arxiv_2608.21866v1,two_roman,two,roman,6,ieeetran,cs.NI,2026-08-22,16,base_big,BASE-big,1,0.933,0.875,0.903,0.886,1.0,14,14,16,0.933,0.875,0.903,0.886,,,,,,,,,,,,,,,,,,,,,,,,,,,,,,,,,16,15,,15
arxiv_2608.22711v1,two_roman,two,roman,6,ieeeconf,eess.SY,2026-08-24,11,ours,OURS,0,1.0,0.909,0.952,0.926,1.0,10,10,11,1.0,0.909,0.952,0.926,1.0,True,9,1.0,0.667,0.8,0.714,1.0,3,2,1.0,1.0,1.0,1.0,3,0.8794785303329712,0.8929165538482852,0.9045,1.0,0.8794785303329712,9,9,9,0.728,0.135,0.014,0.001,0.122,24551,6679,,,11,10,0,
arxiv_2608.22711v1,two_roman,two,roman,6,ieeeconf,eess.SY,2026-08-24,11,ceiling,CEILING,0,1.0,0.909,0.952,0.926,,,,,1.0,0.909,0.952,0.926,,,,,,,,,,,,,,,,,,,,,,,,,,,,,,,0.9394,9,11,10,,
arxiv_2608.22711v1,two_roman,two,roman,6,ieeeconf,eess.SY,2026-08-24,11,ladder0,LADDER-0,0,1.0,0.909,0.952,0.926,1.0,10,10,11,1.0,0.909,0.952,0.926,,,,,,,,,,,,,,,,,,,,,,,,,,,,,,,,,11,10,0,
arxiv_2608.22711v1,two_roman,two,roman,6,ieeeconf,eess.SY,2026-08-24,11,ladder1,LADDER-1,0,1.0,0.909,0.952,0.926,1.0,10,10,11,1.0,0.909,0.952,0.926,,,,,,,,,,,,,,,,,,,,,,,,,,,,,,,,,11,10,0,
arxiv_2608.22711v1,two_roman,two,roman,6,ieeeconf,eess.SY,2026-08-24,11,ladder2,LADDER-2,0,1.0,0.909,0.952,0.926,1.0,10,10,11,1.0,0.909,0.952,0.926,,,,,,,,,,,,,,,,,,,,,,,,,,,,,,,,,11,10,0,
arxiv_2608.22711v1,two_roman,two,roman,6,ieeeconf,eess.SY,2026-08-24,11,base_small,BASE-small,1,1.0,0.909,0.952,0.926,1.0,10,10,11,1.0,0.909,0.952,0.926,,,,,,,,,,,,,,,,,,,,,,,,,,,,,,,,,11,10,,10
arxiv_2608.22711v1,two_roman,two,roman,6,ieeeconf,eess.SY,2026-08-24,11,base_big,BASE-big,1,1.0,1.0,1.0,1.0,1.0,11,11,11,1.0,1.0,1.0,1.0,,,,,,,,,,,,,,,,,,,,,,,,,,,,,,,,,11,11,,11
arxiv_2608.22918v1,two_roman,two,roman,7,ieeetran,eess.SP,2026-08-24,9,ours,OURS,0,1.0,0.889,0.941,0.909,1.0,8,8,9,1.0,0.889,0.941,0.909,1.0,True,8,1.0,1.0,1.0,1.0,1.0,5,5,1.0,1.0,1.0,1.0,4,0.9484884938288903,0.9383122591071067,0.9329,1.0,0.9484884938288903,8,8,8,0.788,0.082,0.028,0.001,0.1,23249,4931,,,9,8,2,
arxiv_2608.22918v1,two_roman,two,roman,7,ieeetran,eess.SP,2026-08-24,9,ceiling,CEILING,0,1.0,0.889,0.941,0.909,,,,,1.0,0.889,0.941,0.909,,,,,,,,,,,,,,,,,,,,,,,,,,,,,,,0.9782,8,9,8,,
arxiv_2608.22918v1,two_roman,two,roman,7,ieeetran,eess.SP,2026-08-24,9,ladder0,LADDER-0,0,1.0,0.889,0.941,0.909,1.0,8,8,9,1.0,0.889,0.941,0.909,,,,,,,,,,,,,,,,,,,,,,,,,,,,,,,,,9,8,0,
arxiv_2608.22918v1,two_roman,two,roman,7,ieeetran,eess.SP,2026-08-24,9,ladder1,LADDER-1,0,1.0,0.889,0.941,0.909,1.0,8,8,9,1.0,0.889,0.941,0.909,,,,,,,,,,,,,,,,,,,,,,,,,,,,,,,,,9,8,1,
arxiv_2608.22918v1,two_roman,two,roman,7,ieeetran,eess.SP,2026-08-24,9,ladder2,LADDER-2,0,1.0,0.889,0.941,0.909,1.0,8,8,9,1.0,0.889,0.941,0.909,,,,,,,,,,,,,,,,,,,,,,,,,,,,,,,,,9,8,2,
arxiv_2608.22918v1,two_roman,two,roman,7,ieeetran,eess.SP,2026-08-24,9,base_small,BASE-small,1,0.75,0.667,0.706,0.682,1.0,6,6,9,0.75,0.667,0.706,0.682,,,,,,,,,,,,,,,,,,,,,,,,,,,,,,,,,9,8,,8
arxiv_2608.22918v1,two_roman,two,roman,7,ieeetran,eess.SP,2026-08-24,9,base_big,BASE-big,1,0.9,1.0,0.947,0.978,1.0,9,9,9,0.9,1.0,0.947,0.978,,,,,,,,,,,,,,,,,,,,,,,,,,,,,,,,,9,10,,10
arxiv_2608.23303v1,two_roman,two,roman,7,ieeetran,cs.IT,2026-08-24,14,ours,OURS,0,0.929,0.929,0.929,0.929,1.0,13,13,14,0.929,0.929,0.929,0.929,1.0,True,13,1.0,1.0,1.0,1.0,1.0,4,4,0.857,0.857,0.857,0.857,7,0.8630800724887512,0.8590489856720919,0.8588,0.9285714285714286,0.8014314958824118,14,14,13,0.806,0.036,0.073,0.001,0.084,26739,5178,,,14,14,2,
arxiv_2608.23303v1,two_roman,two,roman,7,ieeetran,cs.IT,2026-08-24,14,ceiling,CEILING,0,1.0,0.929,0.963,0.942,,,,,1.0,0.929,0.963,0.942,,,,,,,,,,,,,,,,,,,,,,,,,,,,,,,0.9439,14,14,13,,
arxiv_2608.23303v1,two_roman,two,roman,7,ieeetran,cs.IT,2026-08-24,14,ladder0,LADDER-0,0,0.857,0.857,0.857,0.857,0.75,12,9,14,0.643,0.643,0.643,0.643,,,,,,,,,,,,,,,,,,,,,,,,,,,,,,,,,14,14,0,
arxiv_2608.23303v1,two_roman,two,roman,7,ieeetran,cs.IT,2026-08-24,14,ladder1,LADDER-1,0,0.857,0.857,0.857,0.857,1.0,12,12,14,0.857,0.857,0.857,0.857,,,,,,,,,,,,,,,,,,,,,,,,,,,,,,,,,14,14,1,
arxiv_2608.23303v1,two_roman,two,roman,7,ieeetran,cs.IT,2026-08-24,14,ladder2,LADDER-2,0,0.857,0.857,0.857,0.857,1.0,12,12,14,0.857,0.857,0.857,0.857,,,,,,,,,,,,,,,,,,,,,,,,,,,,,,,,,14,14,2,
arxiv_2608.23303v1,two_roman,two,roman,7,ieeetran,cs.IT,2026-08-24,14,base_small,BASE-small,1,0.333,0.286,0.308,0.294,1.0,4,4,14,0.167,0.143,0.154,0.147,,,,,,,,,,,,,,,,,,,,,,,,,,,,,,,,,14,12,,12
arxiv_2608.23303v1,two_roman,two,roman,7,ieeetran,cs.IT,2026-08-24,14,base_big,BASE-big,1,0.812,0.929,0.867,0.903,1.0,13,13,14,0.812,0.929,0.867,0.903,,,,,,,,,,,,,,,,,,,,,,,,,,,,,,,,,14,16,,16
arxiv_2608.23547v1,two_roman,two,roman,10,ieeetran,cs.LG,2026-08-24,25,ours,OURS,0,0.952,0.8,0.87,0.826,1.0,20,20,25,0.952,0.8,0.87,0.826,1.0,True,16,0.643,1.0,0.783,0.9,0.444,9,16,1.0,0.556,0.714,0.61,9,0.9406523261531158,0.9467378259798609,0.9572,0.8,0.7525218609224926,20,17,16,0.678,0.163,0.079,0.009,0.071,41541,13377,,,25,21,2,
arxiv_2608.23547v1,two_roman,two,roman,10,ieeetran,cs.LG,2026-08-24,25,ceiling,CEILING,0,1.0,0.8,0.889,0.833,,,,,1.0,0.8,0.889,0.833,,,,,,,,,,,,,,,,,,,,,,,,,,,,,,,0.9776,20,25,20,,
arxiv_2608.23547v1,two_roman,two,roman,10,ieeetran,cs.LG,2026-08-24,25,ladder0,LADDER-0,0,0.952,0.8,0.87,0.826,0.35,20,7,25,0.333,0.28,0.304,0.289,,,,,,,,,,,,,,,,,,,,,,,,,,,,,,,,,25,21,0,
arxiv_2608.23547v1,two_roman,two,roman,10,ieeetran,cs.LG,2026-08-24,25,ladder1,LADDER-1,0,0.952,0.8,0.87,0.826,1.0,20,20,25,0.952,0.8,0.87,0.826,,,,,,,,,,,,,,,,,,,,,,,,,,,,,,,,,25,21,1,
arxiv_2608.23547v1,two_roman,two,roman,10,ieeetran,cs.LG,2026-08-24,25,ladder2,LADDER-2,0,0.952,0.8,0.87,0.826,1.0,20,20,25,0.952,0.8,0.87,0.826,,,,,,,,,,,,,,,,,,,,,,,,,,,,,,,,,25,21,2,
arxiv_2608.23547v1,two_roman,two,roman,10,ieeetran,cs.LG,2026-08-24,25,base_small,BASE-small,1,1.0,0.8,0.889,0.833,1.0,20,20,25,1.0,0.8,0.889,0.833,,,,,,,,,,,,,,,,,,,,,,,,,,,,,,,,,25,20,,20
arxiv_2608.23547v1,two_roman,two,roman,10,ieeetran,cs.LG,2026-08-24,25,base_big,BASE-big,1,1.0,1.0,1.0,1.0,1.0,25,25,25,1.0,1.0,1.0,1.0,,,,,,,,,,,,,,,,,,,,,,,,,,,,,,,,,25,25,,25
arxiv_2608.10584v2,two_unnumbered,two,unnumbered,9,article,cs.DL,2026-08-11,22,ours,OURS,0,1.0,0.864,0.927,0.888,1.0,19,19,22,1.0,0.864,0.927,0.888,1.0,True,15,1.0,1.0,1.0,1.0,1.0,7,7,1.0,1.0,1.0,1.0,5,0.9026600884118348,0.9297716229227525,0.9629,0.8823529411764706,0.7964647838927954,17,15,15,0.664,0.164,0.111,0.001,0.06,33838,11370,,,22,19,2,
arxiv_2608.10584v2,two_unnumbered,two,unnumbered,9,article,cs.DL,2026-08-11,22,ceiling,CEILING,0,1.0,0.864,0.927,0.888,,,,,1.0,0.864,0.927,0.888,,,,,,,,,,,,,,,,,,,,,,,,,,,,,,,0.9552,17,22,19,,
arxiv_2608.10584v2,two_unnumbered,two,unnumbered,9,article,cs.DL,2026-08-11,22,ladder0,LADDER-0,0,1.0,0.909,0.952,0.926,0.35,20,7,22,0.35,0.318,0.333,0.324,,,,,,,,,,,,,,,,,,,,,,,,,,,,,,,,,22,20,0,
arxiv_2608.10584v2,two_unnumbered,two,unnumbered,9,article,cs.DL,2026-08-11,22,ladder1,LADDER-1,0,1.0,0.909,0.952,0.926,0.35,20,7,22,0.35,0.318,0.333,0.324,,,,,,,,,,,,,,,,,,,,,,,,,,,,,,,,,22,20,1,
arxiv_2608.10584v2,two_unnumbered,two,unnumbered,9,article,cs.DL,2026-08-11,22,ladder2,LADDER-2,0,1.0,0.909,0.952,0.926,1.0,20,20,22,1.0,0.909,0.952,0.926,,,,,,,,,,,,,,,,,,,,,,,,,,,,,,,,,22,20,2,
arxiv_2608.10584v2,two_unnumbered,two,unnumbered,9,article,cs.DL,2026-08-11,22,base_small,BASE-small,1,1.0,0.909,0.952,0.926,0.789,19,15,22,0.7,0.636,0.667,0.648,,,,,,,,,,,,,,,,,,,,,,,,,,,,,,,,,22,20,,20
arxiv_2608.10584v2,two_unnumbered,two,unnumbered,9,article,cs.DL,2026-08-11,22,base_big,BASE-big,1,0.677,0.955,0.792,0.882,0.95,20,19,22,0.581,0.818,0.679,0.756,,,,,,,,,,,,,,,,,,,,,,,,,,,,,,,,,22,31,,31
arxiv_2608.11918v1,two_unnumbered,two,unnumbered,14,revtex4-2,q-bio.PE,2026-08-12,18,ours,OURS,0,1.0,0.944,0.971,0.955,1.0,17,17,18,1.0,0.944,0.971,0.955,1.0,True,15,1.0,1.0,1.0,1.0,1.0,4,4,1.0,0.857,0.923,0.882,7,0.9122149335209512,0.911831904950635,0.9128,1.0,0.9122149335209512,15,15,15,0.676,0.19,0.065,0.001,0.067,49981,16185,,,18,17,0,
arxiv_2608.11918v1,two_unnumbered,two,unnumbered,14,revtex4-2,q-bio.PE,2026-08-12,18,ceiling,CEILING,0,1.0,0.944,0.971,0.955,,,,,1.0,0.944,0.971,0.955,,,,,,,,,,,,,,,,,,,,,,,,,,,,,,,0.9304,15,18,17,,
arxiv_2608.11918v1,two_unnumbered,two,unnumbered,14,revtex4-2,q-bio.PE,2026-08-12,18,ladder0,LADDER-0,0,1.0,0.889,0.941,0.909,1.0,16,16,18,1.0,0.889,0.941,0.909,,,,,,,,,,,,,,,,,,,,,,,,,,,,,,,,,18,16,0,
arxiv_2608.11918v1,two_unnumbered,two,unnumbered,14,revtex4-2,q-bio.PE,2026-08-12,18,ladder1,LADDER-1,0,1.0,0.889,0.941,0.909,1.0,16,16,18,1.0,0.889,0.941,0.909,,,,,,,,,,,,,,,,,,,,,,,,,,,,,,,,,18,16,0,
arxiv_2608.11918v1,two_unnumbered,two,unnumbered,14,revtex4-2,q-bio.PE,2026-08-12,18,ladder2,LADDER-2,0,1.0,0.889,0.941,0.909,1.0,16,16,18,1.0,0.889,0.941,0.909,,,,,,,,,,,,,,,,,,,,,,,,,,,,,,,,,18,16,0,
arxiv_2608.11918v1,two_unnumbered,two,unnumbered,14,revtex4-2,q-bio.PE,2026-08-12,18,base_small,BASE-small,1,1.0,0.889,0.941,0.909,1.0,16,16,18,1.0,0.889,0.941,0.909,,,,,,,,,,,,,,,,,,,,,,,,,,,,,,,,,18,16,,16
arxiv_2608.11918v1,two_unnumbered,two,unnumbered,14,revtex4-2,q-bio.PE,2026-08-12,18,base_big,BASE-big,1,0.941,0.889,0.914,0.899,1.0,16,16,18,0.941,0.889,0.914,0.899,,,,,,,,,,,,,,,,,,,,,,,,,,,,,,,,,18,17,,17
arxiv_2608.19077v1,two_unnumbered,two,unnumbered,13,article,physics.bio-ph,2026-08-19,22,ours,OURS,0,0.909,0.909,0.909,0.909,1.0,20,20,22,0.909,0.909,0.909,0.909,1.0,True,18,0.556,1.0,0.714,0.862,1.0,5,9,0.889,0.8,0.842,0.816,10,0.9492748342245072,0.9632852312269335,0.9741,0.9473684210526315,0.89931300084427,19,20,18,0.732,0.097,0.11,0.008,0.053,40773,10934,,,22,22,2,
arxiv_2608.19077v1,two_unnumbered,two,unnumbered,13,article,physics.bio-ph,2026-08-19,22,ceiling,CEILING,0,1.0,0.909,0.952,0.926,,,,,1.0,0.909,0.952,0.926,,,,,,,,,,,,,,,,,,,,,,,,,,,,,,,0.9656,19,22,20,,
arxiv_2608.19077v1,two_unnumbered,two,unnumbered,13,article,physics.bio-ph,2026-08-19,22,ladder0,LADDER-0,0,0.87,0.909,0.889,0.901,0.45,20,9,22,0.391,0.409,0.4,0.405,,,,,,,,,,,,,,,,,,,,,,,,,,,,,,,,,22,23,0,
arxiv_2608.19077v1,two_unnumbered,two,unnumbered,13,article,physics.bio-ph,2026-08-19,22,ladder1,LADDER-1,0,0.87,0.909,0.889,0.901,0.45,20,9,22,0.391,0.409,0.4,0.405,,,,,,,,,,,,,,,,,,,,,,,,,,,,,,,,,22,23,1,
arxiv_2608.19077v1,two_unnumbered,two,unnumbered,13,article,physics.bio-ph,2026-08-19,22,ladder2,LADDER-2,0,0.87,0.909,0.889,0.901,1.0,20,20,22,0.87,0.909,0.889,0.901,,,,,,,,,,,,,,,,,,,,,,,,,,,,,,,,,22,23,2,
arxiv_2608.19077v1,two_unnumbered,two,unnumbered,13,article,physics.bio-ph,2026-08-19,22,base_small,BASE-small,1,0.952,0.909,0.93,0.917,1.0,20,20,22,0.952,0.909,0.93,0.917,,,,,,,,,,,,,,,,,,,,,,,,,,,,,,,,,22,21,,21
arxiv_2608.19077v1,two_unnumbered,two,unnumbered,13,article,physics.bio-ph,2026-08-19,22,base_big,BASE-big,1,0.952,0.909,0.93,0.917,1.0,18,18,22,0.952,0.909,0.93,0.917,,,,,,,,,,,,,,,,,,,,,,,,,,,,,,,,,22,21,,21
arxiv_2608.20830v1,two_unnumbered,two,unnumbered,5,article,cs.CY,2026-08-21,17,ours,OURS,0,1.0,0.941,0.97,0.952,1.0,16,16,17,1.0,0.941,0.97,0.952,1.0,True,13,1.0,1.0,1.0,1.0,1.0,4,4,1.0,1.0,1.0,1.0,4,0.9667967010449684,0.9667244978288146,0.967,1.0,0.9667967010449684,13,13,13,0.765,0.105,0.023,0.002,0.105,16677,3919,,,17,16,2,
arxiv_2608.20830v1,two_unnumbered,two,unnumbered,5,article,cs.CY,2026-08-21,17,ceiling,CEILING,0,1.0,0.941,0.97,0.952,,,,,1.0,0.941,0.97,0.952,,,,,,,,,,,,,,,,,,,,,,,,,,,,,,,0.9339,13,17,16,,
arxiv_2608.20830v1,two_unnumbered,two,unnumbered,5,article,cs.CY,2026-08-21,17,ladder0,LADDER-0,0,1.0,1.0,1.0,1.0,0.471,17,8,17,0.471,0.471,0.471,0.471,,,,,,,,,,,,,,,,,,,,,,,,,,,,,,,,,17,17,0,
arxiv_2608.20830v1,two_unnumbered,two,unnumbered,5,article,cs.CY,2026-08-21,17,ladder1,LADDER-1,0,1.0,1.0,1.0,1.0,0.471,17,8,17,0.471,0.471,0.471,0.471,,,,,,,,,,,,,,,,,,,,,,,,,,,,,,,,,17,17,1,
arxiv_2608.20830v1,two_unnumbered,two,unnumbered,5,article,cs.CY,2026-08-21,17,ladder2,LADDER-2,0,1.0,1.0,1.0,1.0,1.0,17,17,17,1.0,1.0,1.0,1.0,,,,,,,,,,,,,,,,,,,,,,,,,,,,,,,,,17,17,2,
arxiv_2608.20830v1,two_unnumbered,two,unnumbered,5,article,cs.CY,2026-08-21,17,base_small,BASE-small,1,1.0,0.941,0.97,0.952,1.0,14,14,17,0.938,0.882,0.909,0.893,,,,,,,,,,,,,,,,,,,,,,,,,,,,,,,,,17,16,,16
arxiv_2608.20830v1,two_unnumbered,two,unnumbered,5,article,cs.CY,2026-08-21,17,base_big,BASE-big,1,1.0,1.0,1.0,1.0,1.0,17,17,17,1.0,1.0,1.0,1.0,,,,,,,,,,,,,,,,,,,,,,,,,,,,,,,,,17,17,,17
arxiv_2608.21496v1,two_unnumbered,two,unnumbered,32,article,math.ST,2026-08-21,59,ours,OURS,0,0.836,0.864,0.85,0.859,1.0,51,51,59,0.77,0.797,0.783,0.791,1.0,True,44,0.947,0.947,0.947,0.947,1.0,19,19,0.5,0.222,0.308,0.25,9,0.9014858869707119,0.9089862299490964,0.9157,0.8461538461538461,0.7627957505136792,52,52,44,0.78,0.052,0.115,0.001,0.052,93626,20593,,,59,61,2,
arxiv_2608.21496v1,two_unnumbered,two,unnumbered,32,article,math.ST,2026-08-21,59,ceiling,CEILING,0,1.0,0.864,0.927,0.889,,,,,0.922,0.797,0.855,0.819,,,,,,,,,,,,,,,,,,,,,,,,,,,,,,,0.9118,52,59,51,,
arxiv_2608.21496v1,two_unnumbered,two,unnumbered,32,article,math.ST,2026-08-21,59,ladder0,LADDER-0,0,0.85,0.864,0.857,0.861,0.314,51,16,59,0.267,0.271,0.269,0.27,,,,,,,,,,,,,,,,,,,,,,,,,,,,,,,,,59,60,0,
arxiv_2608.21496v1,two_unnumbered,two,unnumbered,32,article,math.ST,2026-08-21,59,ladder1,LADDER-1,0,0.85,0.864,0.857,0.861,0.314,51,16,59,0.267,0.271,0.269,0.27,,,,,,,,,,,,,,,,,,,,,,,,,,,,,,,,,59,60,1,
arxiv_2608.21496v1,two_unnumbered,two,unnumbered,32,article,math.ST,2026-08-21,59,ladder2,LADDER-2,0,0.85,0.864,0.857,0.861,1.0,51,51,59,0.783,0.797,0.79,0.794,,,,,,,,,,,,,,,,,,,,,,,,,,,,,,,,,59,60,2,
arxiv_2608.21496v1,two_unnumbered,two,unnumbered,32,article,math.ST,2026-08-21,59,base_small,BASE-small,1,0.867,0.881,0.874,0.878,0.115,52,6,59,0.633,0.644,0.639,0.642,,,,,,,,,,,,,,,,,,,,,,,,,,,,,,,,,59,60,,60
arxiv_2608.21496v1,two_unnumbered,two,unnumbered,32,article,math.ST,2026-08-21,59,base_big,BASE-big,1,0.857,0.915,0.885,0.903,0.148,54,8,59,0.635,0.678,0.656,0.669,,,,,,,,,,,,,,,,,,,,,,,,,,,,,,,,,59,63,,63
arxiv_2608.21843v1,two_unnumbered,two,unnumbered,20,wlscirep,econ.GN,2026-08-22,19,ours,OURS,0,0.944,0.895,0.919,0.904,1.0,17,17,19,0.944,0.895,0.919,0.904,1.0,True,16,0.7,0.875,0.778,0.833,0.714,8,10,0.444,0.667,0.533,0.606,6,0.919466654838633,0.9087595942547934,0.9048,0.8888888888888888,0.817303693189896,18,17,16,0.753,0.091,0.11,0.001,0.044,69085,17056,,,19,18,2,
arxiv_2608.21843v1,two_unnumbered,two,unnumbered,20,wlscirep,econ.GN,2026-08-22,19,ceiling,CEILING,0,1.0,0.895,0.944,0.914,,,,,1.0,0.895,0.944,0.914,,,,,,,,,,,,,,,,,,,,,,,,,,,,,,,0.9714,17,19,17,,
arxiv_2608.21843v1,two_unnumbered,two,unnumbered,20,wlscirep,econ.GN,2026-08-22,19,ladder0,LADDER-0,0,0.905,1.0,0.95,0.979,0.789,19,15,19,0.714,0.789,0.75,0.773,,,,,,,,,,,,,,,,,,,,,,,,,,,,,,,,,19,21,0,
arxiv_2608.21843v1,two_unnumbered,two,unnumbered,20,wlscirep,econ.GN,2026-08-22,19,ladder1,LADDER-1,0,0.905,1.0,0.95,0.979,0.789,19,15,19,0.714,0.789,0.75,0.773,,,,,,,,,,,,,,,,,,,,,,,,,,,,,,,,,19,21,1,
arxiv_2608.21843v1,two_unnumbered,two,unnumbered,20,wlscirep,econ.GN,2026-08-22,19,ladder2,LADDER-2,0,0.905,1.0,0.95,0.979,1.0,19,19,19,0.905,1.0,0.95,0.979,,,,,,,,,,,,,,,,,,,,,,,,,,,,,,,,,19,21,2,
arxiv_2608.21843v1,two_unnumbered,two,unnumbered,20,wlscirep,econ.GN,2026-08-22,19,base_small,BASE-small,1,0.933,0.737,0.824,0.769,1.0,14,14,19,0.933,0.737,0.824,0.769,,,,,,,,,,,,,,,,,,,,,,,,,,,,,,,,,19,15,,15
arxiv_2608.21843v1,two_unnumbered,two,unnumbered,20,wlscirep,econ.GN,2026-08-22,19,base_big,BASE-big,1,0.905,1.0,0.95,0.979,0.526,19,10,19,0.476,0.526,0.5,0.515,,,,,,,,,,,,,,,,,,,,,,,,,,,,,,,,,19,21,,21
